Dimensions Estimate,Facility ID,Length,Rinks,Area,Width,Has changing rooms?,Are changing rooms refurbished?,Year changing rooms refurbished,Changing Place Toilets,Closure Reason,Disability: Activity Area,Disability: Changing Facilities,Disability: Doorways,Disability: Emergency Exits,Disability: Finding and reaching the entrance,Disability Notes,Disability: Parking,Disability: Reception Area,Disability: Social Areas,Disability: Spectator Areas,Disability: Toilets,Facility Subtype,Facility Type,Operational Status,Operational Status Notes,Meets Active Places Criteria,Date Opened,Expected Opening Date,Operator Name,Closed Date,Created Date,Last Updated Date,Is Refurbished?,End Month,Start Month,Seasonality Type,Site ID,Timing Type,Year Built,Year Built Estimated?,Year Refurbished,Easting,Northing,Latitude,Longitude,Management Type (Text),Management Type Group (Text),Accessibility Type (Text),Accessibility Type Group (Text)
0,2008795,34.2,3,431.0,12.6,1,1,2007,2,999,0,0,0,0,0,,0,0,0,0,0,3002,3,5,,1,,,,2011-05-01,,2021-10-27 11:35:11,1,12,1,1,1004830,2,1974,0,2007,359899,167976,51.40938,-2.57795,Not Known,Not Known,Pay and Play,Public Access
0,2008796,35.3,6,985.0,27.9,1,1,2016,0,103,1,1,1,1,1,"Parking: Designated Spaces, Changing Facilities: 2 Designated Toilets, Emergency Exits: Ramps",1,1,1,1,1,3002,3,5,,1,,,Greenwich Leisure Limited,2023-03-31,,2023-07-18 16:38:42,1,12,1,1,1004863,2,1988,0,2008,470618,174545,51.46548,-0.9847922,Trust,Trust,Registered Membership use,Public Access
0,2008797,40.0,4,768.0,19.2,1,1,2014,0,101,1,1,1,1,1,,1,1,1,1,1,3002,3,5,,1,,,Freedom Leisure,2020-01-01,,2024-02-05 15:23:45,0,12,1,1,1004892,2,1980,0,,545498,309746,52.66592,0.1501191,Trust,Trust,Pay and Play,Public Access
0,2008798,35.1,4,674.0,19.2,1,1,1994,0,,1,1,1,1,1,Parking: 2 Bays,1,1,1,1,1,3002,3,3,,1,,,,,,2024-02-23 15:20:41,0,12,1,1,1004914,2,1994,0,,559434,272789,52.33004,0.3383408,Community Organisation,Others,Registered Membership use,Public Access
0,2008799,36.0,6,972.0,27.0,1,0,,0,,1,1,1,1,1,Modern site with good access throughout.  Specific changing with hoists and changing tables/couches,1,1,1,1,1,3002,3,3,,1,,,Places Leisure,,,2024-05-24 08:17:39,0,12,1,1,1004974,2,1976,0,,440726,355680,53.09679,-1.393253,Commercial Management,Commercial,Pay and Play,Public Access
0,2008800,35.3,4,660.0,18.7,1,0,,2,999,0,0,0,0,0,,0,0,0,0,0,3002,3,5,,1,,,,2015-07-10,,2015-07-14 00:00:00,1,12,1,1,1005003,3,1975,0,2008,411137,551350,54.85683,-1.828049,Not Known,Not Known,Pay and Play,Public Access
0,2008801,42.0,4,895.0,21.3,1,0,,0,,1,1,1,1,1,,1,1,0,1,1,3002,3,3,,1,,,,,,2023-09-26 11:15:14,0,12,1,1,1005018,2,1999,0,,429572,532353,54.68538,-1.542835,Local Authority (in house),Local Authority,Pay and Play,Public Access
0,2008803,35.1,4,635.0,18.1,1,1,2014,0,,1,0,1,1,1,,1,1,1,1,1,3002,3,3,,1,,,,,,2024-05-24 09:09:37,1,12,1,1,1005030,2,1978,0,2009,426687,524214,54.6124,-1.588322,Local Authority (in house),Local Authority,Pay and Play,Public Access
0,2008804,35.1,3,505.0,14.4,1,1,2000,2,102,1,1,1,1,1,,1,1,1,1,1,3002,3,5,,1,,,,2016-11-01,,2023-07-06 14:07:24,1,12,1,1,1005031,2,1981,0,2002,427754,551245,54.85524,-1.569236,Local Authority (in house),Local Authority,Sports Club / Community Association,Public Access
0,2008805,35.4,3,489.0,13.8,1,1,2014,0,,1,1,1,1,1,,1,1,0,1,1,3002,3,3,,1,,,,,,2023-05-18 14:49:53,1,12,1,1,1005038,2,1982,0,2013,423538,526596,54.63396,-1.636887,Local Authority (in house),Local Authority,Pay and Play,Public Access
0,2008806,36.0,6,1296.0,36.0,1,1,2015,0,,1,1,1,1,1,,1,1,1,0,1,3002,3,3,,1,,,,,,2023-08-24 12:24:09,1,12,1,1,1005151,2,1993,0,2006,444617,240564,52.06168,-1.350604,Commercial Management,Commercial,Pay and Play,Public Access
0,2008807,34.5,4,621.0,18.0,1,1,2010,0,,1,1,1,1,1,,1,1,0,0,1,3002,3,3,,1,,,Everyone Active,,,2024-03-05 15:50:22,1,12,1,1,1005187,2,1973,0,2011,465803,520948,54.57948,-0.9834849,Commercial Management,Commercial,Pay and Play,Public Access
0,2008809,36.0,6,972.0,27.0,1,0,,0,,1,1,1,1,1,,1,1,1,1,1,3002,3,3,,1,,,Halo Leisure,,,2024-06-13 11:18:16,0,12,1,1,1005247,2,1997,0,,349135,259749,52.23359,-2.746207,Trust,Trust,Pay and Play,Public Access
0,2008811,43.0,5,1290.0,30.0,1,0,,2,102,1,1,1,1,1,,0,1,1,1,1,3002,3,5,,1,,,,2019-10-31,,2019-11-01 11:13:19,1,12,1,1,1005306,2,1981,0,2009,653147,307284,52.60433,1.737201,Trust,Trust,Pay and Play,Public Access
0,2008812,36.6,6,1208.0,33.0,1,1,2002,0,,1,1,1,1,1,Parking: 11 disabled parking bays available,1,1,1,1,1,3002,3,3,,1,,,Alive West Norfolk,,,2024-01-15 08:57:51,1,12,1,1,1005313,2,1991,0,2013,563211,321072,52.76262,0.417433,Trust,Trust,Sports Club / Community Association,Public Access
0,2008813,36.0,4,648.0,18.0,1,1,2014,0,,1,1,1,1,1,,1,1,1,1,1,3002,3,3,,1,,,,,,2024-05-30 08:39:40,1,12,1,1,1005314,2,1984,0,2008,621541,310927,52.65082,1.273744,Local Authority (in house),Local Authority,Pay and Play,Public Access
0,2008814,35.1,4,632.0,18.0,1,1,2010,0,,1,1,1,1,1,,1,1,1,1,1,3002,3,3,,1,,,Alive West Norfolk,,,2024-02-12 09:01:15,1,12,1,1,1005318,2,1984,0,2007,567118,340599,52.9368,0.4852687,Trust,Trust,Pay and Play,Public Access
0,2008815,36.0,6,972.0,27.0,1,0,,0,101,1,1,1,1,1,,1,1,1,1,1,3002,3,5,,1,,,,2021-09-13,,2021-09-17 16:02:03,0,12,1,1,1005320,2,1987,0,,613176,340895,52.92316,1.169796,Commercial Management,Commercial,Sports Club / Community Association,Public Access
0,2008816,36.0,2,324.0,9.0,1,0,,2,999,0,0,0,0,0,,0,0,0,0,0,3002,3,5,,1,,,,2011-12-01,,2024-01-11 08:38:30,1,12,1,1,1005381,2,1991,0,2003,577892,286321,52.44591,0.6161055,Not Known,Not Known,Pay and Play,Public Access
0,2008817,36.5,4,657.0,18.0,1,1,2005,0,,1,1,1,1,1,Parking: 2 Parking Bays,1,1,1,1,1,3002,3,3,,1,1986-01-23,,Places Leisure,,,2023-10-09 13:19:38,1,12,1,1,1005394,2,1985,0,2010,629942,234122,51.95802,1.345305,Commercial Management,Commercial,Sports Club / Community Association,Public Access
0,2008818,36.5,7,1212.0,33.2,1,1,2021,1,,1,1,1,1,1,,1,1,1,1,1,3002,3,3,,1,,,Everyone Active,,,2024-05-14 12:43:17,1,12,1,1,1005407,2,1987,0,2002,603816,259115,52.1926,0.980563,Commercial Management,Commercial,Pay and Play,Public Access
0,2008819,36.0,4,778.0,21.6,1,0,,2,201,1,1,1,1,1,,1,1,0,1,1,3002,3,5,,1,,,,2018-10-19,,2019-02-05 13:28:45,1,12,1,1,1005426,2,1971,0,2004,390842,162115,51.35803,-2.132905,Trust,Trust,Pay and Play,Public Access
0,2008820,35.1,6,948.0,27.0,1,0,,2,201,0,0,0,0,0,,0,0,0,0,0,3002,3,5,Closed 2011,1,,,,2020-12-03,,2020-12-04 03:53:55,1,12,1,1,1005444,3,1976,0,2011,414594,185428,51.56754,-1.790828,Not Known,Not Known,Pay and Play,Public Access
0,2008821,32.9,6,711.0,21.6,1,1,2005,2,999,0,0,0,0,0,,0,0,0,0,0,3002,3,5,,1,,,,2010-01-03,,2010-03-24 00:00:00,0,12,1,1,1005464,3,1973,0,,487555,233960,51.9972,-0.7261089,Not Known,Not Known,Pay and Play,Public Access
0,2008822,37.0,6,1036.0,28.0,1,1,2003,1,,1,1,1,1,1,,1,1,1,0,1,3002,3,3,,1,,,,,,2023-09-26 12:34:42,1,12,1,1,1005476,2,1974,0,2003,482851,212052,51.801,-0.7998595,Trust,Trust,Sports Club / Community Association,Public Access
0,2008823,33.5,6,925.0,27.6,1,1,2007,2,102,1,1,1,1,1,,1,1,1,0,1,3002,3,5,,1,,,,2015-05-01,,2020-11-11 18:06:42,1,12,1,1,1005496,2,1975,0,2000,485811,191457,51.61541,-0.7620157,Trust,Trust,Pay and Play,Public Access
0,2008824,36.5,4,672.0,18.4,1,0,,0,,1,1,1,1,1,"Finding/Reaching Entrance: Flat entry & electric doors, Doorways: Electric doors, Activity Areas: All activity areas have flat entry or lift / ramp",0,1,1,0,1,3002,3,3,,1,,,Freedom Leisure,,,2023-11-02 14:42:41,0,12,1,1,1005550,2,1974,0,,383645,218283,51.86289,-2.238906,Trust,Trust,Pay and Play,Public Access
0,2008825,35.0,4,700.0,20.0,1,1,2016,0,,1,1,1,1,1,,1,1,1,1,1,3002,3,3,,1,,,,,,2023-11-17 11:08:07,1,12,1,1,1005587,2,1975,0,2006,524978,409709,53.56913,-0.114236,Trust,Trust,Sports Club / Community Association,Public Access
0,2008826,63.0,7,2205.0,35.0,1,1,2004,2,999,0,0,0,0,0,,0,0,0,0,0,3002,3,5,,1,,,,2011-07-01,,2010-08-17 00:00:00,0,12,1,1,1005597,3,1925,0,,489973,411405,53.59154,-0.6421447,Not Known,Not Known,Pay and Play,Public Access
0,2008827,36.0,6,907.0,25.2,1,1,2007,0,,1,1,1,1,1,,1,1,1,0,1,3002,3,3,,1,,,,,,2024-06-26 11:41:09,1,12,1,1,1005610,2,1972,0,2010,525068,323143,52.79139,-0.146709,Commercial Management,Commercial,Pay and Play,Public Access
0,2008828,35.1,3,474.0,13.5,1,1,2006,2,101,1,1,1,1,1,,1,1,1,0,1,3002,3,5,,1,,,Everyone Active,2018-02-22,,2023-06-02 17:42:30,1,12,1,1,1005637,2,1990,0,2003,481948,390778,53.40749,-0.7687473,Commercial Management,Commercial,Pay and Play,Public Access
0,2008829,36.0,6,1008.0,28.0,1,0,,2,102,1,1,1,1,1,,1,1,1,1,1,3002,3,5,,1,,,,2017-06-04,,2024-03-01 12:37:27,1,12,1,1,1005718,2,1975,0,2002,501861,222380,51.89069,-0.5212276,Commercial Management,Commercial,Registered Membership use,Public Access
0,2008830,34.2,4,575.0,16.8,1,1,2007,0,,1,1,1,1,1,,1,1,1,1,1,3002,3,3,,1,,,,,,2023-07-31 11:02:53,0,12,1,1,1005742,2,1990,0,,225280,65206,50.46058,-4.462998,Trust,Trust,Pay and Play,Public Access
0,2008831,28.0,4,560.0,20.0,1,1,2006,2,103,1,1,1,1,1,,1,1,1,1,1,3002,3,5,,1,,,,2016-03-01,,2016-03-23 10:05:25,1,12,1,1,1005793,2,1972,0,2010,426673,587595,55.18194,-1.582694,Trust,Trust,Pay and Play,Public Access
0,2008832,35.1,4,632.0,18.0,1,1,2012,2,999,1,1,1,1,1,,1,1,1,1,1,3002,3,5,,1,,,,2016-03-01,,2023-08-03 16:45:12,1,12,1,1,1005803,2,1977,0,2008,426150,576829,55.08523,-1.591897,Trust,Trust,Sports Club / Community Association,Public Access
0,2008833,34.2,4,575.0,16.8,1,0,,2,999,0,0,0,0,0,,0,0,0,0,0,3002,3,5,,1,,,,2010-12-01,,2024-01-18 09:54:53,1,12,1,1,1005824,3,1986,0,2004,393909,564254,54.97287,-2.096683,Not Known,Not Known,Pay and Play,Public Access
0,2008834,36.0,5,900.0,25.0,1,1,2011,0,,1,1,1,1,1,"Finding/Reaching Entrance: Ramp, Doorways: Automatic",1,1,1,1,1,3002,3,3,Bowls Hall used as a activity hall in summer. ,1,,,Circadian Trust,,,2023-10-31 13:29:23,1,12,1,1,1005913,2,1979,0,2006,363594,189193,51.6004,-2.52702,Trust,Trust,Pay and Play,Public Access
0,2008835,38.0,4,718.0,18.9,1,0,,2,999,0,0,0,0,0,,0,0,0,0,0,3002,3,5,,1,,,Circadian Trust,2013-07-01,,2023-11-21 08:18:37,1,12,1,1,1005914,3,1989,0,2006,371231,182478,51.54046,-2.41621,Trust,Trust,Pay and Play,Public Access
0,2008836,38.0,8,1368.0,36.0,1,0,,0,,1,1,1,1,1,,1,1,1,0,1,3002,3,3,,1,,,,,,2023-12-04 09:33:27,1,12,1,1,1005953,2,1998,0,2003,434843,567596,55.00173,-1.456847,Local Authority (in house),Local Authority,Sports Club / Community Association,Public Access
0,2008837,35.1,6,958.0,27.3,1,1,2005,0,,1,0,1,1,1,,1,1,1,1,0,3002,3,3,,1,,,,,,2023-09-25 10:25:19,1,12,1,1,1006736,2,1928,0,1995,525679,182371,51.52628,-0.1897076,Sport Club,Others,Registered Membership use,Public Access
0,2008838,36.0,3,486.0,13.5,1,0,,0,101,1,1,1,1,1,,1,1,1,0,1,3002,3,5,"Re-opened on Active Places 23/02/2018
Never was closed. ",1,,,,2020-06-01,,2023-10-04 11:02:24,1,12,1,1,1010905,2,1992,0,2006,301656,106387,50.84861,-3.398347,Commercial Management,Commercial,Pay and Play,Public Access
0,2008839,36.0,8,1296.0,36.0,1,0,,2,999,0,0,0,0,0,,0,0,0,0,0,3002,3,5,,1,,,,2009-09-01,,2009-10-07 00:00:00,1,12,1,1,1010939,3,1988,0,1998,331119,436583,53.82095,-3.0478,Not Known,Not Known,Pay and Play,Public Access
0,2008840,37.0,6,1369.0,37.0,1,1,2013,0,,1,1,1,1,1,,1,1,1,1,1,3002,3,3,,1,,,,,,2024-02-15 14:48:09,1,12,1,1,1010940,2,1976,0,2005,556299,174346,51.44654,0.2478164,Commercial Management,Commercial,Registered Membership use,Public Access
0,2008841,36.0,8,1296.0,36.0,1,1,2005,0,,1,1,1,1,1,,1,1,1,1,1,3002,3,3,,1,,,Exeter City Council,,,2024-03-27 08:51:45,1,12,1,1,1010941,2,1994,0,2007,295096,94098,50.73698,-3.487981,Trust,Trust,Pay and Play,Public Access
0,2008842,36.9,8,1240.0,33.6,1,1,2018,2,,1,1,1,1,1,,0,1,1,1,1,3002,3,3,"Resurfaced and new lighting installed - 2019
New green surface 2020",1,,,,,,2024-01-30 09:31:36,1,12,1,1,1010942,2,1975,0,2019,425671,562415,54.95573,-1.600689,Other,Others,Sports Club / Community Association,Public Access
0,2008843,36.6,8,1340.0,36.6,1,1,2006,0,,1,1,1,1,1,"Finding/Reaching Entrance: Ramp & handrails, Reception Area: Inner ramp, Social Areas: Special wheelchairs provided",0,1,1,0,1,3002,3,3,,1,,,,,,2024-03-21 12:36:51,1,12,1,1,1010943,2,1972,0,2014,450731,533001,54.68952,-1.214553,Commercial Management,Commercial,Sports Club / Community Association,Public Access
0,2008844,36.0,8,1368.0,38.0,1,1,2005,0,,1,1,1,1,1,,1,1,1,1,1,3002,3,3,Opening times change in the Summer. ,1,,,,,,2023-08-14 12:22:28,1,12,1,1,1010944,2,1995,0,2006,515179,130676,51.06388,-0.3576461,Sport Club,Others,Sports Club / Community Association,Public Access
0,2008845,37.8,8,1361.0,36.0,1,0,,0,,1,1,1,1,1,"Parking: Separate disabled bays available, Finding/Reaching Entrance: Entrance clearly visible, Reception Area: Reception desk with low counter, Doorways: Front door has entry bell to summon assistance if required, Changing Facilities: Ladies & Gents with designated space for wheelchairs, Toilets: Separate disabled toilet, with 1 toilet in each with grab bars, Social Areas: Bar and restaurant has disabiity access, Spectator Areas: Bar and restaurant has disability access, Emergency Exits: 6 signed exits with level access",1,1,1,1,1,3002,3,3,,1,,,,,,2023-12-04 14:19:30,1,12,1,1,1010945,2,1997,0,2005,547105,166271,51.37644,0.1122514,Commercial Management,Commercial,Sports Club / Community Association,Public Access
0,2008846,36.0,6,972.0,27.0,1,1,1998,0,,1,1,1,1,1,Wheelchairs are available for members to use on the bowls green. ,1,1,1,1,1,3002,3,3,,1,,,,,,2024-01-26 16:27:57,1,12,1,1,1010946,2,1970,0,2007,618861,245322,52.06303,1.191462,Sport Club,Others,Sports Club / Community Association,Public Access
0,2008847,36.0,5,828.0,23.0,1,0,,0,,1,1,1,1,1,Parking: 3 Designated bays,1,1,1,1,1,3002,3,3,,1,,,,,,2024-03-21 12:48:12,1,12,1,1,1010947,2,1990,0,2014,534027,387140,53.36417,0.012695,Sport Club,Others,Sports Club / Community Association,Public Access
0,2008848,36.6,6,1010.0,27.6,1,0,,0,,1,0,1,1,1,,1,1,1,1,1,3002,3,3,opening times do change when due to seasons. ,1,,,,,,2023-11-20 09:27:34,0,12,1,1,1010948,2,1998,0,,455404,262304,52.25615,-1.189737,Commercial Management,Commercial,Sports Club / Community Association,Public Access
0,2008849,42.0,8,1588.0,37.8,1,1,2001,2,103,1,0,1,1,1,,1,1,1,1,0,3002,3,5,,1,,,,2019-04-29,,2019-05-03 12:14:15,1,12,1,1,1010949,2,1966,0,2019,489049,180973,51.52067,-0.7179105,Sport Club,Others,Sports Club / Community Association,Public Access
0,2008851,37.6,8,1399.0,37.2,1,0,,0,,1,1,1,1,1,,1,1,1,1,1,3002,3,3,,1,,,,,,2023-05-24 14:53:27,1,12,1,1,1010950,2,2002,0,2013,572055,210707,51.76861,0.4921427,Sport Club,Others,Pay and Play,Public Access
0,2008852,36.5,6,986.0,27.0,1,1,2005,0,,1,1,1,1,1,Parking: 2 designated disabled parking bays available,1,1,1,1,1,3002,3,3,"Summer Opening Times: Monday: 09:00-13:00 Then 18:30-20:30
Tuesday: 18:30-20:30
Wednesday: 09:00-13:00 Then 18:30-20:30
Thursday- 11:00-13:00 Then 18:30-20:30
Friday: 09:00-13:00 18:30-20:30. ",1,,,,,,2024-03-21 12:49:52,1,12,1,1,1010951,2,1982,0,2005,598302,223817,51.87766,0.8795503,Sport Club,Others,Sports Club / Community Association,Public Access
0,2008854,36.0,10,1620.0,45.0,1,0,,0,,1,0,1,1,1,,1,1,1,1,0,3002,3,3,,1,1975-09-01,,,,,2024-02-23 11:01:48,1,4,9,2,1010953,2,1975,0,2016,339726,555849,54.89373,-2.941278,Sport Club,Others,Sports Club / Community Association,Public Access
0,2008855,36.0,4,648.0,18.0,1,1,2011,0,,1,1,1,1,1,,1,1,1,1,1,3002,3,3,,1,,,,,,2024-03-21 13:11:56,1,12,1,1,1010954,2,1973,0,2005,642743,290373,52.45735,1.571534,Sport Club,Others,Sports Club / Community Association,Public Access
0,2008856,35.1,6,885.0,25.2,1,0,,0,,1,1,1,1,1,"Parking:6 Designated spaces, Finding/Reaching Entrance: No steps, Doorways: Wide doors, Toilets: 1 disabled toilet, Emergency Exits: To outdoor green.",1,0,1,1,1,3002,3,3,,1,,,,,,2023-10-30 15:19:22,1,12,1,1,1010955,2,1971,0,2012,505507,250264,52.14062,-0.4596885,Sport Club,Others,Sports Club / Community Association,Public Access
0,2008857,33.5,2,362.0,10.8,1,1,2007,0,,0,0,1,1,1,,0,1,1,1,0,3002,3,3,,1,,,,,,2024-03-07 12:35:38,1,12,1,1,1010956,2,1932,0,2012,545448,257007,52.19214,0.126462,Sport Club,Others,Sports Club / Community Association,Public Access
0,2008858,36.0,2,374.0,10.4,1,1,2004,0,,1,0,1,1,1,,1,1,1,1,1,3002,3,3,,1,,,,,,2023-10-24 09:16:09,1,12,1,1,1010957,2,1995,0,2004,415699,200821,51.70591,-1.7742,Sport Club,Others,Sports Club / Community Association,Public Access
0,2008859,35.1,4,632.0,18.0,1,1,2014,0,,1,1,1,1,1,Plenty of space for parking but no designated spaces. Ramped entrance. Stairlift to first floor viewing and catering area.,0,1,1,1,1,3002,3,3,,1,,,,,,2024-02-26 10:35:20,1,12,1,1,1010958,2,1984,0,2014,415121,129696,51.06639,-1.785573,Commercial Management,Commercial,Sports Club / Community Association,Public Access
0,2008860,36.0,4,648.0,18.0,1,1,2009,0,,0,1,1,1,1,,1,0,1,1,1,3002,3,3,,1,,,,,,2024-03-21 13:14:28,1,12,1,1,1010959,2,1973,0,2009,514928,214237,51.81496,-0.334137,Sport Club,Others,Sports Club / Community Association,Public Access
0,2008861,34.7,7,972.0,28.0,1,1,2014,0,,1,1,1,1,1,Parking: 10 bays,1,1,1,0,1,3002,3,3,Chigwell Indoor Bowls Club,1,,,,,,2023-10-31 17:06:25,1,12,1,1,1000023,2,1992,0,2004,542894,194296,51.62934,0.06313322,Commercial Management,Commercial,Registered Membership use,Public Access
0,2008862,36.0,7,1210.0,33.6,1,1,2012,2,101,1,1,1,1,1,,1,1,1,0,1,3002,3,5,,1,,,,2010-01-01,,2023-10-26 16:03:33,1,12,1,1,1000016,2,1992,0,2004,534189,197434,51.65968,-0.06135222,Commercial Management,Commercial,Registered Membership use,Public Access
0,2008863,35.1,4,590.0,16.8,1,0,,2,101,1,1,1,1,1,,1,1,1,1,1,3002,3,5,,1,,,,2018-01-01,,2018-08-31 09:17:49,0,12,1,1,1010962,2,1996,0,,442561,420437,53.6787,-1.357142,Commercial Management,Commercial,Sports Club / Community Association,Public Access
0,2008865,36.6,6,1340.0,36.6,1,1,2014,0,,1,1,1,1,1,,1,1,1,1,1,3002,3,3,,1,,,,,,2023-10-11 09:55:06,1,12,1,1,1010964,2,1981,0,2014,559251,146101,51.19194,0.2776399,Sport Club,Others,Sports Club / Community Association,Public Access
0,2008866,36.5,6,1077.0,29.5,1,1,2006,0,,1,1,1,1,1,,1,1,1,1,1,3002,3,3,Summer Timings from 14:30 Till 17:30. ,1,,,,,,2023-12-18 09:24:46,1,12,1,1,1010965,2,1988,0,2004,444694,297403,52.57264,-1.341954,Commercial Management,Commercial,Sports Club / Community Association,Public Access
0,2008867,36.5,7,1212.0,33.2,1,0,,0,,1,1,1,1,1,,1,1,1,1,1,3002,3,3,Summer opening times are Monday to Friday 09:00 - 22:30 ,1,,,,,,2023-09-04 12:40:11,0,12,1,1,1010966,2,2000,0,,388829,216089,51.8433,-2.163552,Sport Club,Others,Sports Club / Community Association,Public Access
0,2008868,36.6,12,2020.0,55.2,1,0,,0,,1,1,1,1,1,,1,1,1,0,1,3002,3,3,,1,,,,,,2023-07-11 14:33:35,1,12,1,1,1010967,2,2000,0,2004,635974,151411,51.21313,1.377382,Sport Club,Others,Registered Membership use,Public Access
0,2008869,37.5,3,560.0,14.94,1,1,2015,0,,0,0,1,1,1,"Rinks Upstairs, No access to courts, entrance to club through back entrance",0,1,1,0,1,3002,3,3,,1,,,,,,2024-03-07 14:42:30,1,12,1,1,1010968,2,1939,0,2005,530153,191821,51.6102,-0.1217421,Sport Club,Others,Sports Club / Community Association,Public Access
0,2008870,36.0,6,1152.0,32.0,1,1,2006,0,,1,1,1,1,1,,1,1,1,1,1,3002,3,3,,1,,,,,,2023-10-26 09:33:35,1,12,1,1,1010969,2,1971,0,2018,519503,165082,51.37223,-0.2845251,Commercial Management,Commercial,Sports Club / Community Association,Public Access
0,2008871,34.7,4,673.0,19.4,1,1,2005,0,,1,0,1,1,1,Parking: 2 Bays.,1,1,1,1,1,3002,3,3,,1,,,,,,2023-09-15 13:27:00,1,12,1,1,1010970,2,1962,0,2004,517432,174093,51.45365,-0.3112836,Commercial Management,Commercial,Sports Club / Community Association,Public Access
0,2008872,36.65,9,1613.0,44.0,1,0,,0,,1,1,1,1,1,,1,1,1,1,1,3002,3,3,,1,,,,,,2024-01-08 11:26:39,1,12,1,1,1010971,2,2001,0,2005,356253,170226,51.42934,-2.630649,Commercial Management,Commercial,Sports Club / Community Association,Public Access
0,2008873,34.2,6,889.0,26.0,1,0,,2,999,0,0,0,0,0,,0,0,0,0,0,3002,3,5,,1,,,,2014-03-01,,2015-08-21 00:00:00,1,12,1,1,1010972,3,1985,0,2006,405451,281205,52.42882,-1.921239,Not Known,Not Known,Pay and Play,Public Access
0,2008874,36.0,3,486.0,13.5,1,1,2005,0,,1,1,1,1,1,"Parking: 1 disabled parking bay available, Finding/Reaching Entrance: Ramp leading to entrance area, Activity Areas: Specifically adapted for wheelchair users",1,1,1,1,1,3002,3,3,,1,,,,,,2024-05-28 10:16:21,1,12,1,1,1010973,2,1998,0,2002,330097,99282,50.78886,-2.993061,Sport Club,Others,Sports Club / Community Association,Public Access
0,2008875,36.0,6,1296.0,36.0,1,1,2014,0,,1,1,1,1,1,,1,1,1,1,1,3002,3,3,,1,,,,,,2024-03-21 13:24:52,1,12,1,1,1010974,2,1994,0,2014,527156,150676,51.2411,-0.179764,Commercial Management,Commercial,Sports Club / Community Association,Public Access
0,2008876,36.5,5,821.0,22.5,1,0,,0,,1,1,1,1,1,,1,1,1,1,1,3002,3,3,site opening times vary in summer and winter months. ,1,1984-10-19,,,,,2023-10-25 13:48:36,1,12,1,1,1010975,2,1984,0,1993,501581,379128,53.2994,-0.4772511,Sport Club,Others,Sports Club / Community Association,Public Access
0,2008877,36.0,8,1296.0,36.0,1,0,,0,,1,0,1,1,1,Parking: 4 Designated bays,1,1,1,1,1,3002,3,4,"Bowls Club not open on Thursday day time in the Summer. 
Temporary Closed due to COVID-19",1,,,,,,2023-09-26 11:01:16,1,12,1,1,1010976,2,1996,0,2014,427533,545602,54.80455,-1.573212,Commercial Management,Commercial,Pay and Play,Public Access
0,2008878,35.0,6,1085.0,31.0,1,1,2006,0,,1,1,1,1,1,,1,1,1,1,1,3002,3,3,,1,,,,,,2023-10-23 11:59:58,1,12,1,1,1010977,2,1967,0,2016,586269,186241,51.54432,0.6848831,Sport Club,Others,Registered Membership use,Public Access
0,2008879,36.0,9,1458.0,40.5,1,1,2000,0,,1,1,1,1,1,,1,1,1,1,1,3002,3,3,,1,,,,,,2024-01-04 13:05:57,1,12,1,1,1010978,2,1983,0,2000,450023,333589,52.89745,-1.257833,Commercial Management,Commercial,Sports Club / Community Association,Public Access
0,2008880,40.0,4,800.0,20.0,1,1,1994,0,,1,1,1,1,1,,1,1,1,1,1,3002,3,3,,1,,,,,,2024-04-26 14:09:59,1,12,1,1,1010979,2,1976,0,2013,410468,293491,52.5392,-1.847085,Trust,Trust,Sports Club / Community Association,Public Access
0,2008881,36.0,3,454.0,12.6,1,1,2001,0,,1,1,1,1,1,"Reception Area: Slope, Changing Facilities: Portable slope",1,1,1,1,0,3002,3,3,Also has 6 outdoor rinks. ,1,,,,,,2024-02-23 12:59:03,1,12,1,1,1010980,2,1970,0,2001,292941,93819,50.73408,-3.518433,Sport Club,Others,Sports Club / Community Association,Public Access
0,2008882,36.5,8,1314.0,36.0,1,0,,0,,1,0,1,1,1,No lift to get to the function room upstairs.,1,1,1,1,1,3002,3,3,,1,,,,,,2023-09-20 11:15:06,1,12,1,1,1010981,2,1988,0,2005,553217,187215,51.56301,0.2090823,Commercial Management,Commercial,Sports Club / Community Association,Public Access
0,2008883,35.5,4,693.0,19.52,1,1,1999,0,,1,1,1,1,1,,1,1,1,1,1,3002,3,3,,1,,,,,,2024-03-21 14:05:14,1,12,1,1,1010982,2,1989,0,2006,316007,100291,50.79606,-3.193143,Community Organisation,Others,Sports Club / Community Association,Public Access
0,2008884,36.0,4,648.0,18.0,1,1,1989,0,,1,0,1,1,1,,0,1,1,1,1,3002,3,3,,1,,,,,,2024-03-06 14:14:24,1,12,1,1,1010983,2,1935,0,2007,512706,176180,51.47337,-0.3785971,Sport Club,Others,Sports Club / Community Association,Public Access
0,2008885,36.5,6,1049.0,28.75,1,1,2005,0,,1,0,1,1,1,,0,1,1,1,1,3002,3,3,Summer Opening Times:Monday-Friday 09:00-12:30 ,1,,,,,,2024-01-04 13:49:18,1,12,1,1,1010984,2,1982,0,2010,523568,272559,52.33722,-0.1877642,Sport Club,Others,Sports Club / Community Association,Public Access
0,2008886,37.8,4,699.0,18.48,1,0,,0,,1,1,1,1,1,,1,1,1,1,1,3002,3,3,,1,,,,,,2023-09-25 15:57:51,1,12,1,1,1010985,2,1988,0,2015,244145,129375,51.04253,-4.224599,Commercial Management,Commercial,Sports Club / Community Association,Public Access
0,2008887,36.0,6,1296.0,36.0,1,1,2006,0,,1,1,1,1,1,2 Disabled parking bays,1,1,1,1,1,3002,3,3,,1,,,,,,2023-09-25 12:16:58,1,12,1,1,1010986,2,1990,0,2001,474736,264942,52.27757,-0.9059905,Commercial Management,Commercial,Sports Club / Community Association,Public Access
0,2008888,36.5,3,548.0,15.0,1,0,,0,,1,1,1,1,1,,1,1,1,1,1,3002,3,3,,1,,,,,,2023-12-18 13:20:04,0,12,1,1,1010987,2,2000,0,,571426,282896,52.41721,0.5193118,Sport Club,Others,Sports Club / Community Association,Public Access
0,2008889,36.0,6,900.0,25.0,1,0,,0,,1,0,1,1,1,,1,1,1,1,1,3002,3,3,,1,,,,,,2023-08-09 08:58:52,1,12,1,1,1010988,2,1993,0,2003,563536,103106,50.80443,0.31956,Sport Club,Others,Registered Membership use,Public Access
0,2008890,36.0,8,1296.0,36.0,1,1,2005,1,,1,1,1,1,1,We have been accredited with the Disability Bowls Mark from Disability Bowls England,1,1,1,1,1,3002,3,3,,1,,,,,,2023-05-30 11:09:07,1,12,1,1,1010989,2,1971,0,2019,496483,369208,53.21121,-0.5567205,Commercial Management,Commercial,Sports Club / Community Association,Public Access
0,2008891,36.57,8,1317.0,36.0,1,1,2006,0,,1,1,1,1,1,"Parking: 2 designated bays, Finding/Reaching Entrance: Ramp",1,1,1,1,1,3002,3,3,,1,,,,,,2024-01-19 13:49:22,1,12,1,1,1010990,2,1991,0,2015,461949,152298,51.26648,-1.113441,Commercial Management,Commercial,Sports Club / Community Association,Public Access
0,2008892,36.0,4,666.0,18.5,1,1,2009,0,,1,1,1,1,1,,0,1,1,1,1,3002,3,3,,1,,,,,,2024-01-17 14:33:58,1,12,1,1,1010991,2,1986,0,2016,653792,291664,52.46391,1.734771,Sport Club,Others,Sports Club / Community Association,Public Access
0,2008893,36.0,8,1296.0,36.0,1,0,,0,,1,1,1,1,1,,1,1,1,1,1,3002,3,3,,1,,,,,,2024-03-21 14:09:34,1,12,1,1,1010992,2,1988,0,2015,509775,222803,51.89299,-0.406141,Sport Club,Others,Sports Club / Community Association,Public Access
0,2008894,36.27,6,1017.0,28.04,1,1,2006,1,,1,1,1,1,1,Parking: 2 Designated bays,1,1,1,1,1,3002,3,3,,1,,,,,,2023-08-15 10:34:21,1,12,1,1,1010993,2,1986,0,2002,378108,246063,52.11246,-2.321093,Trust,Trust,Sports Club / Community Association,Public Access
0,2008895,36.0,8,1382.0,38.4,1,1,2011,0,,1,1,1,1,1,Assisted door ,1,1,1,1,1,3002,3,3,,1,,,,,,2023-07-20 11:08:00,1,12,1,1,1010994,2,1985,0,2014,474172,318377,52.75795,-0.9023542,Sport Club,Others,Sports Club / Community Association,Public Access
0,2008896,36.0,4,677.0,18.8,1,0,,0,,1,1,1,1,1,,1,1,1,1,1,3002,3,3,,1,,,,,,2024-01-30 11:36:06,1,12,1,1,1010995,2,1993,0,2013,296131,112875,50.90596,-3.478648,Commercial Management,Commercial,Sports Club / Community Association,Public Access
0,2008897,36.6,8,1259.0,34.4,1,1,1995,0,,1,1,1,1,1,"Parking: 8 bays, Finding/Reaching Entrance: Ramp, Social Areas: Wheelchair lift",1,1,1,1,1,3002,3,3,Summer Times - 09:30-15:30,1,,,,,,2023-11-10 16:10:28,0,12,1,1,1010996,2,1973,0,,546256,259246,52.21204,0.1392401,Sport Club,Others,Sports Club / Community Association,Public Access
0,2008898,36.0,6,1116.0,31.0,1,1,2004,0,,1,1,1,1,1,,1,1,1,1,1,3002,3,3,,1,,,,,,2023-12-14 10:50:15,1,12,1,1,1010997,2,1978,0,2004,560130,101730,50.79302,0.270663,Sport Club,Others,Sports Club / Community Association,Public Access
0,2008899,36.5,3,460.0,12.6,1,0,,0,999,1,1,1,1,1,,1,1,0,0,1,3002,3,5,,1,,,,2017-03-21,,2024-02-08 15:32:47,1,12,1,1,1010998,2,1986,0,2004,402043,78504,50.60624,-1.972471,Commercial Management,Commercial,Sports Club / Community Association,Public Access
0,2008900,36.0,8,1296.0,36.0,1,1,1999,0,,1,1,1,1,1,,1,1,1,1,1,3002,3,3,Summer opening times (May-September)- Everyday: 08:00-14:00.,1,,,,,,2024-01-12 09:59:43,1,12,1,1,1010999,2,1988,0,2009,636812,171351,51.39175,1.402587,Commercial Management,Commercial,Sports Club / Community Association,Public Access
0,2008901,36.0,6,1037.0,28.8,1,1,2002,0,,0,1,1,1,1,,1,1,1,1,1,3002,3,3,,1,,,,,,2024-02-22 10:48:10,1,12,1,1,1011000,2,1983,0,2002,529061,138024,51.12696,-0.1570279,Commercial Management,Commercial,Sports Club / Community Association,Public Access
0,2008903,35.1,4,632.0,18.0,1,0,,0,,0,0,1,0,1,,1,0,1,0,0,3002,3,3,,1,,,,,,2023-05-16 09:22:14,1,12,1,1,1011002,2,1979,0,2002,446442,147412,51.22401,-1.336322,Trust,Trust,Registered Membership use,Public Access
0,2008905,36.4,6,972.0,26.7,1,1,2004,0,,1,1,1,1,1,,1,1,1,1,1,3002,3,3,,1,,,,,,2023-07-24 14:15:45,1,12,1,1,1011004,2,1964,0,1998,611585,301809,52.57295,1.120973,Sport Club,Others,Registered Membership use,Public Access
0,2008906,35.2,3,444.0,12.6,1,1,2002,0,,1,0,1,1,1,,1,1,1,1,0,3002,3,3,,1,,,,,,2024-02-07 13:24:09,1,12,1,1,1011005,2,1974,0,2007,355498,116482,50.94604,-2.634829,Commercial Management,Commercial,Sports Club / Community Association,Public Access
0,2008907,36.5,9,1478.0,40.5,1,0,,0,,1,1,1,1,1,,1,1,1,1,1,3002,3,3,,1,,,,,,2023-09-28 11:27:29,1,12,1,1,1011006,2,1973,0,2014,457786,449998,53.94289,-1.121153,Sport Club,Others,Registered Membership use,Public Access
0,2008909,38.4,5,845.0,22.0,1,1,2018,0,,1,1,1,1,1,Bowlers must use approved wheelchairs on the playing surface,1,1,1,1,1,3002,3,3,Newly installed LED lighting system above the playing surface.,1,,,,,,2024-01-30 11:02:51,1,12,1,1,1011008,2,1962,0,2019,512121,103490,50.82011,-0.4096322,Sport Club,Others,Sports Club / Community Association,Public Access
0,2008910,36.6,6,988.0,27.0,1,0,,0,,1,1,1,1,1,,1,1,1,1,1,3002,3,3,,1,,,,,,2024-02-14 11:23:32,1,12,1,1,1011009,2,1948,0,2005,513906,103423,50.81915,-0.3843288,Sport Club,Others,Sports Club / Community Association,Public Access
0,2008911,36.0,7,1134.0,31.5,1,1,2015,0,,1,1,1,1,1,"Parking: Reserved parking, Doorways: Auto-sliding doors",1,1,1,1,1,3002,3,3,,1,,,,,,2023-12-21 14:04:04,1,12,1,1,1011010,2,1981,0,2015,474236,171370,51.43648,-0.9333823,Commercial Management,Commercial,Sports Club / Community Association,Public Access
0,2008912,36.0,5,1044.0,29.0,1,0,,0,,1,1,1,1,1,,1,1,1,1,1,3002,3,3,Club open everyday during season (mid-September to mid-April),1,,,,,,2024-03-08 12:30:15,0,12,1,1,1011011,2,2002,0,,527729,296012,52.547,-0.117768,Sport Club,Others,Sports Club / Community Association,Public Access
0,2008913,33.56,2,363.0,10.82,0,0,,0,,1,0,1,1,1,,0,0,1,1,1,3002,3,3,,1,,,,,,2024-03-21 14:18:20,1,12,1,1,1011012,2,1981,0,2006,334022,161942,51.35271,-2.948833,Sport Club,Others,Sports Club / Community Association,Public Access
0,2008914,34.2,3,492.0,14.4,1,1,2002,0,,1,1,1,1,1,,0,1,1,1,1,3002,3,3,,1,,,,,,2023-10-27 11:37:38,1,12,1,1,1011013,2,1952,0,2015,567160,275827,52.35503,0.4531235,Sport Club,Others,Registered Membership use,Public Access
0,2008915,36.6,5,856.0,23.4,1,1,2015,0,,1,1,1,1,1,,0,1,1,1,1,3002,3,3,,1,,,,,,2023-12-06 14:10:32,1,4,9,2,1011014,2,1983,0,2006,415351,183149,51.54703,-1.780006,Sport Club,Others,Sports Club / Community Association,Public Access
0,2008916,43.6,6,1600.0,36.7,1,0,,0,,1,1,1,1,1,Stair Lift.,1,1,1,1,1,3002,3,3,,1,,,,,,2023-12-12 09:26:31,1,12,1,1,1011015,2,1972,0,2010,500170,150704,51.24673,-0.5661972,Sport Club,Others,Sports Club / Community Association,Public Access
0,2008917,36.5,6,986.0,27.0,1,1,2006,0,,1,1,1,1,1,Parking: Drop off point at front doors,1,0,1,1,1,3002,3,3,,1,,,,,,2024-01-30 11:30:14,1,12,1,1,1011016,2,1985,0,2004,447981,165636,51.38775,-1.31183,Sport Club,Others,Sports Club / Community Association,Public Access
0,2008919,36.0,3,518.0,14.4,1,1,2007,0,,1,1,1,1,1,Parking: 3 bays,1,1,1,1,1,3002,3,3,,1,,,,,,2023-12-13 11:41:40,1,12,1,1,1011018,2,1971,0,2008,601030,213474,51.78381,0.9131253,Sport Club,Others,Sports Club / Community Association,Public Access
0,2008920,38.0,6,1064.0,28.0,1,0,,0,,1,0,1,1,1,,0,1,1,1,1,3002,3,3,,1,,,,,,2023-09-20 14:36:55,1,12,1,1,1011019,2,1911,0,2007,488624,268415,52.30672,-0.7015688,Sport Club,Others,Sports Club / Community Association,Public Access
0,2008921,42.0,1,227.0,5.4,1,1,2003,0,,1,1,1,1,1,,1,0,1,1,1,3002,3,3,,1,,,,,,2024-03-21 14:22:23,1,12,1,1,1011020,2,1907,0,2007,313105,120780,50.97985,-3.239184,Sport Club,Others,Sports Club / Community Association,Public Access
0,2008922,34.2,2,349.0,10.2,1,0,,0,,1,1,1,1,1,,1,1,1,1,1,3002,3,3,,1,,,,,,2023-11-09 10:10:48,1,12,1,1,1011021,2,1986,0,2016,366891,76673,50.58883,-2.469064,Sport Club,Others,Sports Club / Community Association,Public Access
0,2008923,36.0,6,1008.0,28.0,1,0,,0,,1,0,1,1,1,"Doorways: Wide enough for wheelchairs, Toilets: Separate disabled toilet.",1,0,1,1,1,3002,3,3,,1,,,,,,2023-11-13 10:26:49,1,12,1,1,1011022,2,1991,0,2013,511177,200800,51.69495,-0.3928221,Sport Club,Others,Pay and Play,Public Access
0,2008924,36.0,6,972.0,27.0,1,1,2004,0,,1,1,1,1,1,,1,1,1,1,1,3002,3,3,,1,,,,,,2023-11-24 09:44:48,1,12,1,1,1011023,2,1985,0,2010,546107,123738,50.9945,0.08063769,Commercial Management,Commercial,Sports Club / Community Association,Public Access
0,2008925,36.0,6,994.0,27.6,1,0,,0,,1,1,1,1,1,,1,1,1,1,1,3002,3,3,,1,,,,,,2024-02-12 10:03:25,1,12,1,1,1011024,2,1996,0,2019,414494,251993,52.16603,-1.7895,Sport Club,Others,Sports Club / Community Association,Public Access
0,2008926,34.2,4,575.0,16.8,1,1,2005,0,,1,1,1,1,1,,1,1,1,1,1,3002,3,3,,1,,,,,,2023-10-09 12:09:28,1,12,1,1,1011025,2,1994,0,2007,653740,296271,52.50526,1.737512,Commercial Management,Commercial,Registered Membership use,Public Access
0,2008927,36.0,6,1008.0,28.0,1,0,,0,,1,1,1,1,1,Finding/Reaching Entrance: Ramp,1,0,1,0,1,3002,3,3,,1,,,,,,2023-11-23 11:22:47,0,12,1,1,1011026,2,1990,0,,473616,98855,50.7846,-0.9570703,Commercial Management,Commercial,Sports Club / Community Association,Public Access
0,2008928,34.2,2,164.0,4.8,1,0,,0,,1,1,1,1,1,"2 Defibrillators - There is full disability access 
",1,1,1,1,1,3002,3,3,,1,,,,,,2024-03-21 14:30:32,1,12,1,1,1011027,2,1969,0,2022,307631,143048,51.17917,-3.322843,Sport Club,Others,Sports Club / Community Association,Public Access
0,2008929,34.75,4,614.0,17.68,1,0,,0,,1,0,1,1,1,,1,0,1,1,1,3002,3,3,,1,,,,,,2024-06-07 10:31:26,1,12,1,1,1011028,2,1992,0,2000,625642,222284,51.85352,1.275087,Sport Club,Others,Sports Club / Community Association,Public Access
0,2008931,35.0,1,203.0,5.8,1,0,,0,,1,0,1,1,1,,0,0,1,1,0,3002,3,3,,1,,,,,,2023-05-24 11:56:09,1,12,1,1,1011031,2,1900,0,1999,332242,161812,51.35132,-2.974373,Sport Club,Others,Sports Club / Community Association,Public Access
0,2008932,36.0,3,443.0,12.3,1,1,2015,0,,1,0,1,1,1,,1,1,1,1,1,3002,3,3,,1,,,,,,2024-02-26 10:01:16,1,12,1,1,1011032,2,1966,0,2005,348633,136376,51.12434,-2.73537,Community Organisation,Others,Sports Club / Community Association,Public Access
0,2008933,36.0,6,972.0,27.0,1,1,2000,0,,1,0,1,1,1,,0,1,1,0,1,3002,3,3,,1,,,,,,2023-05-31 11:50:40,1,12,1,1,1011033,2,1968,0,2003,464875,103215,50.82484,-1.080291,Sport Club,Others,Sports Club / Community Association,Public Access
0,2008934,35.1,6,948.0,27.0,1,1,2006,0,,1,1,1,1,1,Wheel chairs always available for indoor bowls,1,1,1,1,1,3002,3,3,,1,,,,,,2023-11-08 09:32:10,1,12,1,1,1011034,2,1996,0,2004,554696,237494,52.01433,0.2527998,Sport Club,Others,Registered Membership use,Public Access
0,2008935,36.0,9,1490.0,41.4,1,0,,0,,1,1,1,1,1,,0,1,1,1,1,3002,3,3,,1,,,,,,2023-10-02 12:10:05,1,12,1,1,1011035,2,1973,0,2006,546000,208864,51.75944,0.1140679,Commercial Management,Commercial,Sports Club / Community Association,Public Access
0,2008937,34.2,6,882.0,25.8,1,1,1999,0,,1,1,1,1,1,,1,1,1,1,1,3002,3,3,,1,,,,,,2024-01-17 09:45:32,1,12,1,1,1011037,2,1976,0,1999,564325,176240,51.46129,0.3640814,Sport Club,Others,Sports Club / Community Association,Public Access
0,2008938,36.0,4,648.0,18.0,1,0,,0,,1,1,1,1,1,,0,1,1,1,1,3002,3,3,,1,,,,,,2023-12-06 09:18:56,1,12,1,1,1011038,2,1979,0,2022,288952,61597,50.44366,-3.5653,Sport Club,Others,Sports Club / Community Association,Public Access
0,2008939,36.0,4,658.0,18.28,1,0,,0,,1,1,1,1,1,,1,1,1,1,1,3002,3,3,,1,,,,,,2023-09-12 10:16:18,1,12,1,1,1011039,2,1994,0,2009,291907,65177,50.4764,-3.524733,Sport Club,Others,Sports Club / Community Association,Public Access
0,2008941,36.58,3,579.0,15.84,1,1,2015,0,,1,0,1,1,1,,0,1,1,1,0,3002,3,3,,1,,,,,,2024-03-21 14:33:22,1,12,1,1,1011041,2,1932,0,2006,532511,175243,51.46066,-0.09395427,Commercial Management,Commercial,Sports Club / Community Association,Public Access
0,2008943,40.0,6,736.0,18.4,1,0,,0,,1,1,1,1,1,,1,1,1,1,1,3002,3,3,Summer opening hours in public notes.,1,,,,,,2023-11-16 14:49:06,1,12,1,1,1011043,2,1990,0,2005,424019,303460,52.62839,-1.646572,Sport Club,Others,Sports Club / Community Association,Public Access
0,2008944,36.0,3,486.0,13.5,1,1,2015,0,,1,1,0,1,1,Bowling chair for rink access. Level ground Wheelchair access to indoor and outdoor bowling greens,0,0,1,1,1,3002,3,3,,1,,,,,,2024-03-21 14:43:28,1,12,1,1,1011044,2,1984,0,2015,322712,124040,51.01053,-3.103054,Sport Club,Others,Sports Club / Community Association,Public Access
0,2008945,36.6,6,1098.0,30.0,1,0,,0,,1,1,1,1,1,4 disabled parking bays. ,1,1,1,1,1,3002,3,3,,1,,,,,,2023-06-07 13:06:12,1,12,1,1,1011045,2,1996,0,2013,324758,123888,51.00943,-3.073869,Sport Club,Others,Sports Club / Community Association,Public Access
0,2008946,36.6,4,659.0,18.0,1,1,1999,0,,1,1,1,1,1,,0,1,1,1,1,3002,3,3,,1,,,,,,2023-12-05 12:47:56,1,12,1,1,1011046,2,1996,0,2002,538773,318289,52.74445,0.05434876,Commercial Management,Commercial,Sports Club / Community Association,Public Access
0,2008947,36.6,6,1050.0,28.7,1,0,,0,,1,1,1,1,1,,1,1,1,1,1,3002,3,3,"Winter opening times:
Monday-Friday: 09:30-22:00
Weekends: 09:00- 18:00",1,,,,,,2024-03-21 14:56:39,1,12,1,1,1011047,2,2001,0,2006,590056,164841,51.35086,0.727948,Sport Club,Others,Pay and Play,Public Access
0,2008948,36.0,3,522.0,14.5,1,1,2005,0,,1,0,1,1,1,,1,0,0,0,1,3002,3,3,,1,,,,,,2024-02-12 11:04:22,1,12,1,1,1011049,2,1965,0,2008,605728,257706,52.17924,1.00764,Sport Club,Others,Sports Club / Community Association,Public Access
0,2008949,38.0,4,730.0,19.2,1,0,,0,,1,1,1,1,1,,1,1,1,1,1,3002,3,3,,1,,,,,,2023-10-18 15:34:53,1,12,1,1,1011050,2,1975,0,2002,587132,240896,52.03491,0.7267811,Sport Club,Others,Sports Club / Community Association,Public Access
0,2008950,36.9,6,996.0,27.0,1,1,2006,0,,1,1,1,1,1,"Parking and toilet facilities and access to all areas i.e. rinks, bar and restaurant as building is ground floor only.",1,1,1,1,1,3002,3,3,,1,,,,,,2023-06-29 11:38:51,1,12,1,1,1011051,2,1982,0,2014,525377,162580,51.34848,-0.2010596,Sport Club,Others,Sports Club / Community Association,Public Access
0,2008952,36.0,7,1058.0,29.4,1,0,,2,999,1,0,1,1,1,,1,1,1,1,1,3002,3,5,,1,,,,2017-05-01,,2017-05-02 16:41:38,1,12,1,1,1011053,2,1994,0,2015,563737,189962,51.58473,0.3620011,Sport Club,Others,Sports Club / Community Association,Public Access
0,2008953,36.0,8,1224.0,34.0,1,1,2000,0,,1,1,1,1,1,,1,1,1,0,1,3002,3,3,,1,,,,,,2024-03-21 14:59:11,1,12,1,1,1011055,2,1975,0,2000,517641,259830,52.22413,-0.2791491,Sport Club,Others,Sports Club / Community Association,Public Access
0,2008954,36.4,6,1026.0,28.2,1,0,,0,,1,1,1,1,1,Ramped access to playing surface. Two specially equipped wheelchairs are available for use on the playing surface as required.,1,1,1,1,1,3002,3,3,,1,,,,,,2024-06-12 16:05:43,1,12,1,1,1011056,2,1989,0,2020,501841,307023,52.65141,-0.4959941,Sport Club,Others,Sports Club / Community Association,Public Access
0,2008955,36.0,8,1296.0,36.0,1,1,2003,0,,1,1,1,1,1,,0,1,1,0,1,3002,3,3,,1,,,,,,2024-03-21 15:03:15,1,12,1,1,1011057,2,1979,0,2015,419242,552587,54.86771,-1.701718,Sport Club,Others,Pay and Play,Public Access
0,2008956,33.3,3,450.0,13.5,1,1,1995,0,,0,0,0,0,0,Steps and narrow hall ways with tight corners.,0,0,0,0,0,3002,3,3,,1,,,,,,2024-01-18 09:59:31,1,12,1,1,1011058,2,1964,0,1995,425196,533392,54.69495,-1.610619,Sport Club,Others,Sports Club / Community Association,Public Access
0,2008958,40.0,3,600.0,15.0,1,1,2014,0,,1,1,1,1,1,,1,1,1,1,1,3002,3,3,'Carpet was stretched about 6 months ago' - Brian.,1,,,,,,2024-03-05 12:19:43,1,12,1,1,1011060,2,1986,0,2019,333176,159733,51.33274,-2.960565,Sport Club,Others,Sports Club / Community Association,Public Access
0,2008959,42.2,8,1810.0,42.9,1,0,,1,,1,1,1,1,1,,1,1,1,1,1,3002,3,3,,1,,,,,,2023-05-18 09:09:31,0,12,1,1,1004431,2,2003,0,,430230,429911,53.76469,-1.5429,Local Authority (in house),Local Authority,Pay and Play,Public Access
0,2008960,36.0,8,1296.0,36.0,1,1,2006,0,,1,1,1,1,1,,1,1,1,1,1,3002,3,3,Winter Opening Times: Everyday 10 until 22:30,1,,,,,,2023-09-20 14:22:00,1,12,1,1,1011062,2,1982,0,2015,437635,566320,54.99006,-1.413369,Sport Club,Others,Registered Membership use,Public Access
0,2008961,34.2,3,441.0,12.9,1,1,2004,0,,1,1,1,1,1,4 Person disabled Lift,1,1,1,0,1,3002,3,3,,1,,,,,,2024-01-08 08:48:46,1,12,1,1,1011063,2,1970,0,2014,587861,186545,51.54652,0.7079769,Commercial Management,Commercial,Sports Club / Community Association,Public Access
0,2008962,36.0,6,1001.0,27.8,1,1,2003,0,,1,1,1,1,1,,0,1,1,1,1,3002,3,3,,1,,,,,,2023-06-06 08:10:46,1,12,1,1,1011064,2,1990,0,2003,507238,345793,52.99876,-0.4035398,Commercial Management,Commercial,Sports Club / Community Association,Public Access
0,2008963,36.0,4,605.0,16.8,1,1,1992,0,,1,1,1,1,1,,0,1,1,1,1,3002,3,3,,1,,,,,,2023-10-20 14:47:26,1,4,9,2,1011065,2,1971,0,2018,649776,277221,52.33618,1.66502,Sport Club,Others,Sports Club / Community Association,Public Access
0,2008964,38.0,8,1368.0,36.0,1,0,,0,,1,1,1,1,1,,1,1,1,1,1,3002,3,3,,1,,,,,,2023-09-18 14:06:40,0,12,1,1,1011066,2,1996,0,,413677,277908,52.39904,-1.800401,Trust,Trust,Sports Club / Community Association,Public Access
0,2008965,35.0,3,431.0,12.3,1,1,2014,0,,1,0,1,1,1,,1,1,1,1,0,3002,3,3,,1,,,,,,2023-12-20 10:52:02,1,12,1,1,1011067,2,1972,0,2003,312488,87517,50.68069,-3.240025,Sport Club,Others,Sports Club / Community Association,Public Access
0,2008966,36.0,6,994.0,27.6,1,1,2006,0,,1,1,1,1,1,"Parking: Designated Bay, Finding/Reaching Entrance: No Steps, Emergency Exits: Handrails & wheelchair is available.",1,1,1,1,1,3002,3,3,Bowls Club Mainly open Morning and Evenings in the Summer.,1,,,,,,2024-03-21 15:13:22,1,12,1,1,1011068,2,1978,0,2006,555555,363287,53.14405,0.3243003,Sport Club,Others,Sports Club / Community Association,Public Access
0,2008967,36.0,4,648.0,18.0,1,0,,0,,1,1,1,1,1,,1,1,1,1,1,3002,3,3,,1,,,,,,2024-03-21 15:20:43,1,12,1,1,1011069,2,1989,0,2002,469978,232606,51.98752,-0.9823554,Sport Club,Others,Sports Club / Community Association,Public Access
0,2008968,35.1,6,948.0,27.0,1,1,2004,0,,1,1,1,1,1,,1,1,1,1,1,3002,3,3,,1,,,,,,2023-07-05 07:51:39,1,12,1,1,1011070,2,1988,0,2013,460649,430856,53.77054,-1.081314,Sport Club,Others,Sports Club / Community Association,Public Access
0,2008969,35.7,8,1285.0,36.0,1,1,2004,0,,1,1,1,1,1,"Finding/Reaching Entrance: Ramp, Activity Areas: Lift",1,1,1,1,1,3002,3,3,,1,,,,,,2024-03-04 11:03:10,1,12,1,1,1011071,2,1990,0,2014,553490,155458,51.2776,0.199267,Commercial Management,Commercial,Sports Club / Community Association,Public Access
0,2008970,36.0,4,558.0,15.5,1,1,2003,0,,1,1,1,1,1,,1,1,1,1,1,3002,3,3,,1,,,,,,2023-07-19 10:54:49,1,12,1,1,1011072,2,1969,0,1997,624769,282609,52.39534,1.302252,Sport Club,Others,Sports Club / Community Association,Public Access
0,2008971,36.0,6,972.0,27.0,1,1,2014,0,,1,1,1,1,1,,1,1,1,1,1,3002,3,3,,1,,,,,,2023-12-04 10:07:34,1,12,1,1,1011073,2,1988,0,2012,494882,268048,52.30238,-0.6099166,Sport Club,Others,Sports Club / Community Association,Public Access
0,2008972,38.4,5,960.0,25.0,1,0,,0,,1,1,1,1,1,,1,1,1,1,1,3002,3,3,,1,,,,,,2024-06-26 11:48:00,1,12,1,1,1011074,2,1987,0,2001,479682,471653,54.13457,-0.7819771,Community Organisation,Others,Sports Club / Community Association,Public Access
0,2008973,36.5,8,1354.0,37.1,1,1,2006,0,,1,1,1,1,1,,0,1,1,1,1,3002,3,3,1 rink is now 2 shorter mat rings.,1,,,,,,2023-07-18 12:18:47,1,12,1,1,1011075,2,1989,0,2003,503867,489529,54.29086,-0.4058004,Commercial Management,Commercial,Pay and Play,Public Access
0,2008974,35.1,6,1011.0,28.8,1,1,2015,0,,1,1,1,1,1,,1,1,1,1,1,3002,3,3,,1,,,,,,2023-09-06 11:17:04,1,12,1,1,1011076,2,1989,0,2006,615028,314269,52.68344,1.1798,Sport Club,Others,Sports Club / Community Association,Public Access
0,2008975,36.0,6,972.0,27.0,1,1,2003,0,,1,1,1,1,1,,1,1,1,1,1,3002,3,3,,1,,,,,,2024-03-05 14:17:21,1,12,1,1,1011077,2,1986,0,2003,560080,138823,51.12632,0.2862568,Sport Club,Others,Sports Club / Community Association,Public Access
0,2008976,36.0,8,1296.0,36.0,1,1,2002,0,,1,1,1,1,1,,1,1,1,1,1,3002,3,3,"September-April: centre open 7 days 
May-August: centre open 4 days",1,,,,,,2024-02-23 16:12:43,1,12,1,1,1011078,2,1974,0,2014,450950,274533,52.3665,-1.253138,Commercial Management,Commercial,Sports Club / Community Association,Public Access
0,2008977,34.2,6,813.0,23.76,1,1,2022,0,,1,1,1,1,1,,0,1,1,1,1,3002,3,3,,1,,,,,,2023-06-14 16:02:57,1,12,1,1,1011079,2,1934,0,2003,518956,175076,51.46217,-0.28903,Sport Club,Others,Sports Club / Community Association,Public Access
0,2008978,36.0,4,648.0,18.0,1,1,2016,0,,1,0,1,1,1,,1,1,1,1,0,3002,3,3,,1,,,,,,2023-10-10 11:14:14,1,12,1,1,1011080,2,1985,0,1995,584070,264374,52.24677,0.6948878,Sport Club,Others,Sports Club / Community Association,Public Access
0,2008979,36.0,8,1296.0,36.0,1,1,2005,0,,1,1,1,1,1,Parking: 3 disabled parking bays available,1,1,1,1,1,3002,3,3,"Open Everyday  09:00  22:30 7 months a Year, in Summer months only open 6 days a week.",1,,,,,,2024-02-07 12:45:12,1,12,1,1,1011081,2,1987,0,2008,519363,230410,51.95938,-0.2642373,Commercial Management,Commercial,Sports Club / Community Association,Public Access
0,2008980,36.0,8,1296.0,36.0,1,1,2000,0,,1,1,1,1,1,Parking: 2 bays,1,1,1,1,1,3002,3,3,,1,,,,,,2023-11-14 12:22:28,1,12,1,1,1011082,2,1989,0,2000,576830,168958,51.39211,0.5402699,Commercial Management,Commercial,Sports Club / Community Association,Public Access
0,2008981,36.0,2,302.0,8.4,1,1,2004,0,,1,0,1,1,1,,1,0,0,0,1,3002,3,3,,1,,,,,,2023-10-12 15:51:19,1,12,1,1,1011083,2,1989,0,2004,331990,141842,51.17175,-2.97419,Sport Club,Others,Sports Club / Community Association,Public Access
0,2008982,40.0,4,640.0,16.0,1,0,,0,,1,1,1,1,1,"Parking: 2 Parking Bays, Emergency Exits: Ramps. 2 x bowling wheelchairs",1,0,1,1,1,3002,3,3,"Suspended ceiling with LED Lighting fitted, carpet renewed (2018).
Bradshaw bowls buggy. Credited to Sport England C.A.F.",1,,,,,,2023-10-02 14:12:22,1,12,1,1,1011084,2,1996,0,2018,460603,524175,54.60913,-1.063248,Sport Club,Others,Sports Club / Community Association,Public Access
0,2008984,36.5,14,2300.0,63.0,1,1,2013,0,,0,1,1,1,1,Bridge to Pool and Gradual Steps,1,1,1,0,1,3002,3,3,,1,,,,,,2023-08-29 13:41:10,0,12,1,1,1001219,2,1986,0,,653248,299596,52.53532,1.732809,Commercial Management,Commercial,Registered Membership use,Public Access
0,2008985,37.0,7,1184.0,32.0,1,1,2006,0,,1,1,1,1,1,,1,1,1,1,1,3002,3,3,,1,,,,,,2023-11-10 14:54:05,1,12,1,1,1011087,2,1964,0,2006,530184,106282,50.84142,-0.1523493,Commercial Management,Commercial,Sports Club / Community Association,Public Access
0,2008987,36.0,6,990.0,27.5,1,1,2015,0,,1,1,1,1,1,,1,1,1,1,1,3002,3,3,,1,,,,,,2023-07-28 11:20:06,1,12,1,1,1011089,2,1958,0,2015,520242,299108,52.57652,-0.2270043,Sport Club,Others,Sports Club / Community Association,Public Access
0,2008988,41.0,6,1353.0,33.0,1,1,2006,2,999,0,0,0,0,0,,0,0,0,0,0,3002,3,5,,1,,,,2013-01-01,,2015-08-18 00:00:00,1,12,1,1,1011090,3,1973,0,2006,535800,194010,51.62852,-0.03940488,Not Known,Not Known,Pay and Play,Public Access
0,2008989,36.6,8,1391.0,38.0,1,1,2016,0,,1,0,1,1,1,Finding/Reaching Entrance: Sloped entrance,1,1,1,1,1,3002,3,3,,1,,,,,,2023-11-06 15:00:10,1,12,1,1,1011092,2,1997,0,2007,457332,105258,50.84401,-1.187053,Commercial Management,Commercial,Sports Club / Community Association,Public Access
0,2008990,36.9,6,996.0,27.0,1,1,2006,0,,1,1,1,1,1,,1,1,1,1,1,3002,3,3,,1,,,,,,2024-01-23 09:25:16,1,12,1,1,1011093,2,1983,0,2009,573983,313250,52.68901,0.5727673,Commercial Management,Commercial,Sports Club / Community Association,Public Access
0,2008991,36.0,6,972.0,27.0,1,1,2006,0,,1,0,1,1,1,,1,1,1,1,1,3002,3,3,,1,,,,,,2023-09-21 12:40:32,1,12,1,1,1011094,2,2002,0,2009,451094,208767,51.77525,-1.260842,Sport Club,Others,Sports Club / Community Association,Public Access
0,2008992,36.0,8,1382.0,38.4,1,1,2000,0,,1,0,1,1,1,,0,1,0,0,1,3002,3,3,,1,,,,,,2024-03-21 15:28:49,1,12,1,1,1011095,2,1988,0,2011,610978,167105,51.36382,1.029312,Commercial Management,Commercial,Registered Membership use,Public Access
0,2008993,36.0,4,691.0,19.2,1,1,2006,0,101,1,0,1,1,1,,0,1,1,1,1,3002,3,5,,1,,,,2021-02-12,,2021-05-25 09:25:28,1,12,1,1,1011097,2,1974,0,2002,588178,303798,52.5994,0.7771599,Other,Others,Sports Club / Community Association,Public Access
0,2008995,36.0,6,907.0,25.2,1,1,2004,0,,1,0,1,1,1,Parking: 2 Bays,1,1,1,0,1,3002,3,3,,1,,,,,,2024-03-06 11:23:20,1,12,1,1,1011099,2,1972,0,2001,454619,203074,51.72374,-1.210648,Commercial Management,Commercial,Sports Club / Community Association,Public Access
0,2008996,36.0,8,1296.0,36.0,1,1,2001,0,,1,1,1,1,1,"Disabled parking spaces
Disabled toilet facilities
Ramps and handrails for easy access to the green
2 electric wheelchair
1 manual wheelchair
Walking sticks",1,1,1,1,1,3002,3,3,"Seasonal opening times May - Sept: Mon, Fri & Sat - 9am - 1pm Tues, Wed & Thurs - 9am - 3pm. 
Oct - April Monday & Saturday 9am - 11:30pm Sunday 9am - 9pm. 
",1,,,,,,2023-06-28 09:48:01,1,12,1,1,1011100,2,1985,0,2016,475075,263641,52.26583,-0.9013118,Sport Club,Others,Sports Club / Community Association,Public Access
0,2008997,37.8,8,1361.0,36.0,1,0,,0,,1,1,1,1,1,,1,1,1,1,1,3002,3,3,,1,,,,,,2024-03-25 08:07:59,1,12,1,1,1011101,2,1981,0,2013,453210,341460,52.96789,-1.209176,Sport Club,Others,Sports Club / Community Association,Public Access
0,2008998,34.2,3,369.0,10.8,1,0,,0,,1,0,1,1,1,,1,1,1,1,0,3002,3,3,,1,,,,,,2024-02-26 09:47:15,1,12,1,1,1011102,2,1972,0,2014,531022,158488,51.31044,-0.1215451,Sport Club,Others,Sports Club / Community Association,Public Access
0,2009000,40.0,6,1080.0,27.0,1,0,,0,,1,1,1,1,1,,1,1,1,1,1,3002,3,3,,1,,,,,,2024-01-15 14:35:41,1,12,1,1,1011105,2,1995,0,2012,390656,172686,51.45308,-2.135859,Sport Club,Others,Registered Membership use,Public Access
0,2009001,36.0,4,605.0,16.8,1,0,,0,,1,1,1,1,1,,1,1,1,1,1,3002,3,3,,1,,,,,,2024-03-08 13:05:18,1,12,1,1,1011106,2,1973,0,2017,182531,61581,50.41373,-5.062364,Commercial Management,Commercial,Sports Club / Community Association,Public Access
0,2009002,36.0,7,1080.0,30.0,1,1,1998,0,,1,1,1,1,1,,1,1,1,1,1,3002,3,3,,1,,,,,,2024-03-07 11:35:06,1,12,1,1,1011107,2,1968,0,2011,620674,306703,52.61327,1.258128,Sport Club,Others,Sports Club / Community Association,Public Access
0,2009003,36.0,6,1080.0,30.0,1,0,,0,,1,1,1,1,1,Finding/Reaching Entrance: Ramp,1,1,1,1,1,3002,3,3,,1,,,,,,2024-02-27 14:10:26,1,12,1,1,1011108,2,1990,0,2012,488925,432532,53.78155,-0.651938,Sport Club,Others,Sports Club / Community Association,Public Access
0,2009004,38.7,8,1393.0,36.0,1,0,,0,,1,1,1,1,1,,1,1,1,1,1,3002,3,3,,1,,,,,,2024-02-15 11:25:58,1,12,1,1,1011109,2,1993,0,2006,461254,455089,53.98824,-1.067308,Sport Club,Others,Sports Club / Community Association,Public Access
0,2009005,31.5,2,284.0,9.0,1,0,,0,,1,0,1,1,1,,0,1,1,1,1,3002,3,3,,1,,,,,,2024-03-25 08:11:32,1,12,1,1,1011110,2,1949,0,2008,424221,95041,50.75446,-1.657987,Sport Club,Others,Sports Club / Community Association,Public Access
0,2009006,44.0,8,1716.0,39.0,1,0,,0,101,1,0,1,1,1,,1,1,1,1,1,3002,3,5,,1,,,,2023-01-31,,2024-04-11 16:01:09,1,12,1,1,1011111,2,1988,0,2015,481962,356374,53.0983,-0.7773768,Sport Club,Others,Sports Club / Community Association,Public Access
0,2009007,36.5,6,1007.0,27.6,1,0,,0,,1,1,1,1,1,,1,1,1,1,1,3002,3,3,Winter Opening Times: 09:30 - 22:30. ,1,,,,,,2023-10-10 10:41:05,1,12,1,1,1011112,2,2000,0,2014,367053,78705,50.60711,-2.466953,Commercial Management,Commercial,Sports Club / Community Association,Public Access
0,2009008,36.6,8,1318.0,36.0,1,1,2003,0,,1,1,1,1,1,Finding/Reaching Entrance: Ramp access,1,1,1,1,1,3002,3,3,,1,,,,,,2023-12-11 11:04:49,1,12,1,1,1011113,2,1987,0,2003,577126,154813,51.26496,0.5375045,Commercial Management,Commercial,Sports Club / Community Association,Public Access
0,2009009,36.0,3,486.0,13.5,1,0,,0,,1,1,1,1,1,,1,1,1,1,1,3002,3,3,,1,,,,,,2024-05-31 10:30:21,1,12,1,1,1011114,2,1960,0,2007,347088,170448,51.43055,-2.762501,Community Organisation,Others,Registered Membership use,Public Access
0,2009010,40.5,4,547.0,13.5,1,0,,2,999,0,0,0,0,0,,0,0,0,0,0,3002,3,5,,1,,,,2011-08-01,,2023-06-26 10:10:23,1,12,1,1,1004730,3,1990,0,2002,435143,406613,53.55499,-1.470999,Not Known,Not Known,Pay and Play,Public Access
0,2009011,38.0,2,418.0,11.0,1,0,,0,,1,1,1,1,1,,1,1,1,1,1,3002,3,3,,1,,,,,,2023-10-10 09:18:32,0,12,1,1,1011116,2,2000,0,,494128,449338,53.93164,-0.5678476,Sport Club,Others,Sports Club / Community Association,Public Access
0,2009012,36.5,3,602.0,16.5,1,1,2013,0,,1,1,1,1,1,,0,1,1,1,1,3002,3,3,,1,,,,,,2024-01-17 11:35:04,1,12,1,1,1011117,2,1977,0,2012,297204,146111,51.20493,-3.472844,Sport Club,Others,Sports Club / Community Association,Public Access
0,2009013,36.0,3,454.0,12.6,1,1,2006,0,,1,1,1,1,1,,0,1,1,1,1,3002,3,3,,1,,,,,,2024-02-14 13:03:50,1,12,1,1,1011118,2,1981,0,2006,300519,80271,50.61363,-3.407437,Sport Club,Others,Registered Membership use,Public Access
0,2009014,36.0,6,1058.0,29.4,1,1,2004,2,101,1,0,1,1,1,,1,1,1,1,0,3002,3,5,,1,,,,2016-04-01,,2023-05-24 14:18:20,1,12,1,1,1011119,2,1971,0,1999,528781,186282,51.56073,-0.1435769,Sport Club,Others,Sports Club / Community Association,Public Access
0,2009015,36.0,4,720.0,20.0,1,0,,0,,1,0,1,1,1,Parking: 2 Bays,1,1,1,1,0,3002,3,3,,1,,,,,,2024-02-28 12:57:03,1,12,1,1,1011120,2,1992,0,2017,541448,297283,52.55503,0.08495103,Commercial Management,Commercial,Sports Club / Community Association,Public Access
0,2009016,36.6,9,1482.0,40.5,1,1,2007,0,,1,1,1,1,1,,1,1,1,1,1,3002,3,3,,1,,,,,,2024-01-18 10:13:13,1,12,1,1,1011121,2,1972,0,2023,458220,305410,52.64333,-1.140993,Sport Club,Others,Sports Club / Community Association,Public Access
0,2009017,36.0,6,972.0,27.0,1,1,2015,0,,1,1,1,1,1,,1,1,1,1,1,3002,3,4,,1,,,,,,2023-10-20 12:15:49,0,12,1,1,1002213,2,1999,0,,536671,171522,51.42624,-0.03554539,Trust,Trust,Pay and Play,Public Access
0,2009018,36.0,6,1037.0,28.8,1,1,2004,2,101,1,1,1,1,1,,0,1,1,1,0,3002,3,5,,1,,,,2017-12-14,,2018-08-08 12:48:40,1,12,1,1,1011123,2,1987,0,2003,543024,322706,52.78302,0.1192002,Commercial Management,Commercial,Sports Club / Community Association,Public Access
0,2009019,36.0,4,648.0,18.0,1,1,1996,0,,0,0,0,1,0,,0,0,0,0,0,3002,3,3,6 out door bowls ,1,,,,,,2024-01-09 15:59:31,1,12,1,1,1011124,2,1983,0,2011,486487,278227,52.39526,-0.7303817,Commercial Management,Commercial,Sports Club / Community Association,Public Access
0,2009020,36.9,8,1328.0,36.0,1,1,2004,2,999,0,0,0,0,0,,0,0,0,0,0,3002,3,5,,1,,,,2014-11-01,,2015-07-13 00:00:00,1,12,1,1,1011125,3,1995,0,2008,606528,318264,52.72261,1.056762,Not Known,Not Known,Registered Membership use,Public Access
0,2009021,36.0,8,1296.0,36.0,1,1,2023,0,,1,1,1,1,1,,1,1,1,1,1,3002,3,3,Winter opening times: Monday-Friday: 09:00-22:00.,1,,,,,,2024-01-08 12:53:38,1,12,1,1,1011126,2,1989,0,2023,503662,248589,52.12591,-0.4871482,Sport Club,Others,Sports Club / Community Association,Public Access
0,2009022,36.0,6,1037.0,28.8,1,0,,0,,1,1,1,1,1,,1,1,1,1,1,3002,3,3,"Opening times change depending on season;
Summer Opening Times: 09:00 Till 15:00, Everyday.
Winter Opening Times: 09:30 Till 2:00, Everyday.",1,,,,,,2024-03-05 11:41:58,1,12,1,1,1011127,2,1968,0,2009,460480,90550,50.71143,-1.144763,Sport Club,Others,Sports Club / Community Association,Public Access
0,2009023,36.0,3,486.0,13.5,1,0,,0,,1,1,1,1,1,,1,1,1,1,1,3002,3,3,,1,,,,,,2023-05-23 14:08:52,1,12,1,1,1011128,2,1994,0,2008,509974,179566,51.50434,-0.4168741,Sport Club,Others,Sports Club / Community Association,Public Access
0,2009024,37.8,6,1191.0,31.5,1,1,2005,0,,1,1,1,1,1,,1,1,1,1,1,3002,3,3,"Monday 09:00-17:00, Tuesday to Thursday 09:00-17:00 + 18:30-21:30, Friday 09:00-18:00, Saturday 09:00-15:00, Sunday 09:00-14:00
Sunday and Saturday hours subject to change depending on Friendly Schedules. Please call Reception to check.",1,,,Jacks Centre Latchingdon Bowls Club,,,2023-05-24 10:52:12,1,12,1,1,1011129,2,1990,0,2016,588636,199934,51.66652,0.7263372,Sport Club,Others,Sports Club / Community Association,Public Access
0,2009025,36.0,6,1080.0,30.0,1,1,2001,2,999,0,0,0,0,0,,0,0,0,0,0,3002,3,5,,1,,,,2011-05-01,,2011-08-12 00:00:00,1,12,1,1,1011130,3,1987,0,1999,506637,428380,53.74093,-0.3846637,Not Known,Not Known,Sports Club / Community Association,Public Access
0,2009026,36.0,4,648.0,18.0,1,1,2006,0,,1,1,1,1,1,,1,1,1,1,1,3002,3,3,,1,,,,,,2024-02-14 09:25:11,1,12,1,1,1011131,2,1984,0,2006,544960,188782,51.57927,0.09068374,Sport Club,Others,Sports Club / Community Association,Public Access
0,2009027,40.0,3,600.0,15.0,1,1,2007,0,,1,1,1,1,1,,1,1,1,1,1,3002,3,3,,1,,,,,,2023-12-14 13:44:48,1,12,1,1,1011132,2,1982,0,2007,336212,114479,50.92622,-2.908963,Sport Club,Others,Registered Membership use,Public Access
0,2009028,36.0,6,972.0,27.0,1,1,2010,0,,1,1,1,1,1,"Parking: Ramp to entrance available, Activity Areas: Bowls Centre is specifically designed to be wheelchair friendly",1,1,1,1,1,3002,3,3,,1,,,,,,2024-01-12 14:44:46,1,12,1,1,1011133,2,1989,0,2008,509156,197972,51.66993,-0.4229353,Sport Club,Others,Sports Club / Community Association,Public Access
0,2009029,35.6,5,801.0,22.5,1,1,2005,0,,1,1,1,1,1,"Parking: Designated spaces, Finding/Reaching Entrance: Ramp, Activity Areas: Ramps",1,1,1,1,1,3002,3,3,,1,,,,,,2024-02-20 12:24:38,1,12,1,1,1011134,2,1990,0,2000,525613,369327,53.20621,-0.1207001,Sport Club,Others,Sports Club / Community Association,Public Access
0,2009030,36.0,6,972.0,27.0,1,0,,0,,1,1,1,1,1,,1,1,1,1,1,3002,3,3,"Winter opening Times: Mon-Fri :09:00- 22:30, Weekends: 10:00-22:30",1,,,,,,2023-10-10 15:11:48,1,12,1,1,1011135,2,1998,0,2015,519787,448229,53.91639,-0.1776823,Sport Club,Others,Sports Club / Community Association,Public Access
0,2009031,34.2,3,575.0,16.8,1,1,2005,0,,1,1,1,1,1,,1,1,1,1,1,3002,3,3,,1,,,,,,2024-01-23 09:12:41,1,12,1,1,1011136,2,1924,0,2017,521470,208165,51.75901,-0.2414042,Commercial Management,Commercial,Sports Club / Community Association,Public Access
0,2009032,36.0,4,648.0,18.0,1,0,,0,,1,0,1,1,1,,0,1,1,1,1,3002,3,3,,1,,,,,,2024-04-19 11:21:54,1,12,1,1,1011137,2,1973,0,2006,567794,245203,52.07977,0.4472578,Sport Club,Others,Sports Club / Community Association,Public Access
0,2009033,36.0,6,1044.0,29.0,1,0,,0,,1,1,1,1,1,Finding/Reaching Entrance: Ramps to reach reception area,0,1,1,1,1,3002,3,3,,1,,,,,,2023-10-02 14:34:16,1,4,9,2,1011138,2,1984,0,2015,516027,189580,51.59313,-0.3263997,Sport Club,Others,Sports Club / Community Association,Public Access
0,2009034,33.3,2,300.0,9.0,1,1,1995,0,,0,0,1,1,1,"Steps to internal toilets / indoor bowls green. Outside male and female changing rooms, with WC's, are accessible for the disabled",1,1,1,1,1,3002,3,3,,1,,,,,,2023-07-11 09:10:03,1,12,1,1,1011139,2,1952,0,1995,574650,107290,50.83878,0.4791287,Sport Club,Others,Sports Club / Community Association,Public Access
0,2009035,34.0,4,612.0,18.0,1,1,2005,0,,1,1,1,1,1,,1,1,1,1,1,3002,3,3,,1,,,,,,2023-10-03 11:14:27,1,12,1,1,1011140,2,1996,0,2015,428762,454272,53.98372,-1.562895,Sport Club,Others,Sports Club / Community Association,Public Access
0,2009036,36.0,6,972.0,27.0,1,0,,0,,1,1,1,1,1,,1,1,1,1,1,3002,3,3,,1,,,,,,2024-01-17 11:09:21,1,12,1,1,1011141,2,1995,0,2008,622479,230806,51.93129,1.234731,Sport Club,Others,Sports Club / Community Association,Public Access
0,2009037,42.0,6,1512.0,36.0,1,1,2006,1,,1,1,1,1,1,Wheelchair designed for use on bowling rink.,1,1,1,1,1,3002,3,3,,1,,,,,,2024-03-21 15:49:51,1,4,9,2,1011142,2,1983,0,2019,489732,335280,52.9075,-0.6672056,Sport Club,Others,Registered Membership use,Public Access
0,2009040,36.0,6,972.0,27.0,1,1,2006,0,,1,1,1,1,1,,1,1,1,1,1,3002,3,3,,1,,,,,,2023-08-08 09:56:10,1,12,1,1,1011145,2,1992,0,2016,483127,212560,51.80552,-0.7957408,Commercial Management,Commercial,Sports Club / Community Association,Public Access
0,2009042,36.0,8,1296.0,36.0,1,1,2008,0,,1,1,1,1,1,"Parking: Dedicated bays, Finding/Reaching Entrance: Signs, Activity Areas: Access ramp, Emergency Exits: No steps",1,1,1,1,1,3002,3,3,,1,,,,,,2023-06-05 08:26:26,1,12,1,1,1011147,2,1990,0,2012,526635,191257,51.60592,-0.1727348,Commercial Management,Commercial,Sports Club / Community Association,Public Access
0,2009043,36.0,6,994.0,27.6,1,1,2004,0,,1,0,1,1,1,,0,1,1,1,1,3002,3,3,,1,,,,,,2024-03-08 10:26:27,1,12,1,1,1011148,2,1972,0,2004,554215,280609,52.40178,0.2654069,Sport Club,Others,Sports Club / Community Association,Public Access
0,2009044,36.0,6,1102.0,30.6,1,1,2008,0,,1,1,1,1,1,,0,1,1,0,1,3002,3,3,,1,,,,,,2023-10-31 14:37:09,1,12,1,1,1011149,2,1970,0,2008,580851,109391,50.85575,0.5681416,Sport Club,Others,Sports Club / Community Association,Public Access
0,2009045,37.8,7,1387.0,36.7,1,1,2000,0,,1,1,1,1,1,,0,1,1,1,1,3002,3,3,,1,,,,,,2024-06-13 08:49:00,1,12,1,1,1011150,2,1965,0,2000,621346,136590,51.0859,1.159188,Sport Club,Others,Sports Club / Community Association,Public Access
0,2009046,36.0,6,1058.0,29.4,1,0,,0,,1,1,1,1,1,"Finding/Reaching Entrance: Slope, Changing Facilities: Slope to bowls green & special wheelchair",1,1,1,1,1,3002,3,3,,1,,,,,,2023-09-05 13:26:08,1,12,1,1,1011151,2,1991,0,2004,573555,107140,50.83776,0.4635214,Sport Club,Others,Sports Club / Community Association,Public Access
0,2009047,36.0,6,972.0,27.0,1,1,2007,0,,1,1,1,1,1,"Ramps Installed, Reception Area: Ramps, Activity Areas: Ramps to bowling surface. Defibrillator on site.",1,1,1,1,1,3002,3,3,,1,,,,,,2024-01-11 11:32:49,1,12,1,1,1011152,2,1985,0,2005,501196,170767,51.42688,-0.5458186,Sport Club,Others,Sports Club / Community Association,Public Access
0,2009048,34.2,4,342.0,10.0,1,1,2014,2,102,1,1,1,1,1,,1,1,1,1,1,3002,3,5,,1,,,,2017-11-17,,2023-05-16 14:27:42,0,12,1,1,1003184,2,2006,0,,510512,167824,51.39869,-0.4127894,Trust,Trust,Sports Club / Community Association,Public Access
0,2009049,36.0,6,1037.0,28.8,1,1,1995,0,,1,1,1,1,1,,1,1,1,1,1,3002,3,3,,1,,,,,,2023-11-09 08:36:12,1,12,1,1,1011154,2,1947,0,2000,334129,113707,50.91904,-2.938468,Commercial Management,Commercial,Sports Club / Community Association,Public Access
0,2009050,38.0,6,1094.0,28.8,1,0,,0,,1,1,1,1,1,,1,1,1,1,1,3002,3,3,,1,,,,,,2024-06-24 09:33:26,1,12,1,1,1011155,2,1990,0,2016,369949,90028,50.7091,-2.42695,Sport Club,Others,Sports Club / Community Association,Public Access
0,2009051,36.6,6,988.0,27.0,1,1,2009,0,,1,1,1,1,1,"Finding/Reaching Entrance: Sloped, Activity Areas: Ramp to bowling rink",0,1,1,1,1,3002,3,3,"Opening times October - April. 
Summer months open on selected days. ",1,,,,,,2023-07-25 13:58:23,1,12,1,1,1011156,2,1977,0,2000,416476,92698,50.73366,-1.767894,Sport Club,Others,Sports Club / Community Association,Public Access
0,2009052,35.7,4,600.0,16.8,1,1,2005,0,,1,1,1,1,1,,1,1,1,1,1,3002,3,3,,1,,,,,,2023-10-17 15:12:54,1,12,1,1,1011157,2,1966,0,2007,611249,279418,52.37207,1.101851,Sport Club,Others,Sports Club / Community Association,Public Access
0,2009053,36.6,11,1812.0,49.5,1,1,2014,0,,1,1,1,1,1,Club has it's own set of wheelchairs for disabled users,1,1,1,1,1,3002,3,3,,1,,,,,,2024-01-30 11:27:31,1,12,1,1,1011158,2,1985,0,2005,401017,93669,50.74262,-1.986945,Sport Club,Others,Registered Membership use,Public Access
0,2009054,36.0,6,994.0,27.6,1,0,,0,,1,1,1,1,1,Difibulator. ,1,1,1,1,1,3002,3,3,,1,,,,,,2023-05-30 11:12:43,1,3,9,2,1011159,2,2001,0,2014,456422,402499,53.51618,-1.150563,Sport Club,Others,Sports Club / Community Association,Public Access
0,2009055,36.6,3,461.0,12.6,1,1,2005,0,,1,1,1,1,1,,0,0,1,0,0,3002,3,3,,1,,,,,,2024-02-06 11:37:48,1,12,1,1,1011160,2,1957,0,2022,296646,77342,50.58662,-3.461344,Sport Club,Others,Sports Club / Community Association,Public Access
0,2009056,36.0,6,972.0,27.0,1,1,2014,0,,1,1,1,1,1,,1,1,1,1,1,3002,3,3,Bowls carpet being refurbished this year. ,1,,,,,,2023-08-29 15:48:47,1,12,1,1,1011161,2,1996,0,2014,544461,101791,50.79768,0.04852714,Sport Club,Others,Sports Club / Community Association,Public Access
0,2009057,36.5,6,1007.0,27.6,1,1,2000,0,,1,1,1,1,1,"Own Wheelchairs, Finding/Reaching Entrance: Slight slope, Activity Areas: Ramps.
The club has a designated disabled toilet (large enough for a wheelchair) which also includes baby changing facilities.
",1,1,1,1,1,3002,3,3,,1,,,,,,2023-09-25 10:17:06,1,12,1,1,1011162,2,1988,0,2011,480372,283321,52.44197,-0.8190063,Sport Club,Others,Sports Club / Community Association,Public Access
0,2009058,34.2,4,616.0,18.0,1,1,2003,0,101,1,0,1,1,1,,1,1,1,1,0,3002,3,5,,1,,,,2021-07-15,,2022-02-24 10:14:30,1,12,1,1,1011163,2,1936,0,2003,536415,169982,51.41246,-0.03981815,Sport Club,Others,Sports Club / Community Association,Public Access
0,2009059,37.0,2,340.0,9.2,1,1,2006,0,,1,1,1,1,1,,1,0,1,1,0,3002,3,3,,1,,,,,,2024-02-06 14:06:11,1,12,1,1,1011164,2,1986,0,2004,336823,549634,54.83753,-2.985159,Trust,Trust,Sports Club / Community Association,Public Access
0,2009060,36.0,8,1296.0,36.0,1,1,1990,0,,1,1,1,1,1,,1,1,1,1,1,3002,3,3,,1,,,,,,2023-11-08 12:48:35,1,12,1,1,1011165,2,1980,0,2012,429000,515975,54.53823,-1.553308,Sport Club,Others,Sports Club / Community Association,Public Access
0,2009061,39.6,6,1140.0,28.8,1,1,2004,0,,1,1,1,1,1,,1,1,1,1,1,3002,3,3,,1,,,,,,2023-07-05 08:37:05,1,12,1,1,1011166,2,1962,0,2017,625532,309610,52.63736,1.331738,Sport Club,Others,Sports Club / Community Association,Public Access
0,2009062,36.0,6,972.0,27.0,1,1,2023,0,,1,1,1,1,1,Defibrillator on site,1,1,1,0,1,3002,3,3,,1,,,,,,2024-01-10 13:55:25,1,12,1,1,1011167,2,1937,0,2023,532190,164392,51.36322,-0.1026137,Commercial Management,Commercial,Sports Club / Community Association,Public Access
0,2009063,36.0,6,983.0,27.3,1,1,2000,0,,1,1,1,1,1,"Ramp on site. 
Lady's toilets are accessible but no disabled toilet as such.
Defibrillator on site.",1,1,1,1,0,3002,3,3,,1,,,,,,2023-08-11 12:39:21,1,12,1,1,1011168,2,1905,0,2000,536795,171423,51.42532,-0.03379992,Sport Club,Others,Sports Club / Community Association,Public Access
0,2009064,36.0,4,695.0,19.3,1,1,2006,0,,1,1,1,1,1,,1,1,1,1,0,3002,3,3,,1,,,,,,2024-06-11 11:32:30,1,12,1,1,1011169,2,1985,0,2011,382043,150631,51.25455,-2.258691,Commercial Management,Commercial,Sports Club / Community Association,Public Access
0,2009065,33.3,2,380.0,11.4,1,0,,0,,1,0,1,1,1,,1,1,1,1,0,3002,3,3,,1,,,,,,2023-09-25 12:19:06,1,12,1,1,1011170,2,1973,0,2015,340830,171460,51.43903,-2.852678,Sport Club,Others,Sports Club / Community Association,Public Access
0,2009066,36.6,5,805.0,22.0,1,1,2006,0,,1,1,1,1,1,Activity Areas: Ramps.,1,1,1,1,1,3002,3,3,,1,,,Greenwich Leisure Limited,,,2024-05-30 12:16:37,1,12,1,1,1011171,2,1991,0,2004,302168,515073,54.52148,-3.512966,Trust,Trust,Sports Club / Community Association,Public Access
0,2009067,36.0,4,864.0,24.0,1,1,2016,0,,1,0,1,1,1,Defibrillator outside.,1,1,1,1,1,3002,3,3,,1,,,,,,2023-10-24 14:33:39,1,12,1,1,1011172,2,1988,0,2016,431780,225841,51.93019,-1.5392,Sport Club,Others,Sports Club / Community Association,Public Access
0,2009068,36.9,8,1328.0,36.0,1,0,,0,,1,1,1,1,1,,1,1,1,1,1,3002,3,3,,1,,,,,,2024-01-03 13:58:01,1,12,1,1,1011173,2,1990,0,2005,428932,318588,52.76414,-1.572667,Sport Club,Others,Sports Club / Community Association,Public Access
0,2009069,37.8,6,1021.0,27.0,1,1,2015,0,,1,0,1,1,1,,1,0,1,1,0,3002,3,3,Summer hours change yearly.,1,,,,,,2023-12-12 14:49:39,1,12,1,1,1011174,2,1943,0,2008,618185,216273,51.80252,1.163205,Sport Club,Others,Sports Club / Community Association,Public Access
0,2009070,36.0,6,972.0,27.0,1,1,2011,0,,1,1,1,1,1,,1,1,1,1,1,3002,3,3,6 operational outdoor rinks. ,1,,,,,,2024-03-25 08:14:52,1,12,1,1,1011175,2,1928,0,1990,517991,186823,51.56795,-0.2989862,Sport Club,Others,Sports Club / Community Association,Public Access
0,2009071,36.0,8,1296.0,36.0,1,1,2006,0,,1,1,1,1,1,,0,1,1,1,1,3002,3,3,,1,,,,,,2024-02-29 14:37:36,1,12,1,1,1011176,2,1990,0,2013,453250,319215,52.76794,-1.2122,Sport Club,Others,Sports Club / Community Association,Public Access
0,2009072,36.0,6,972.0,27.0,1,0,,0,,1,0,1,1,1,,0,1,1,1,0,3002,3,3,,1,,,,,,2024-01-18 11:49:00,1,12,1,1,1011177,2,1973,0,2007,535553,201760,51.69823,-0.03996715,Sport Club,Others,Sports Club / Community Association,Public Access
0,2009073,36.0,6,907.0,25.2,1,1,2000,0,,1,1,1,1,1,Parking: 2 designated disabled parking bays available,1,1,1,1,1,3002,3,3,,1,,,,,,2024-01-09 12:12:52,1,12,1,1,1011178,2,1989,0,1999,486662,159146,51.32483,-0.7576328,Sport Club,Others,Sports Club / Community Association,Public Access
0,2009074,35.1,6,1106.0,31.5,1,0,,0,,1,1,1,1,1,,1,1,1,1,1,3002,3,3,,1,,,,,,2024-01-11 11:08:18,1,12,1,1,1011179,2,1991,0,2007,199355,49683,50.31285,-4.81952,Commercial Management,Commercial,Sports Club / Community Association,Public Access
0,2009075,36.5,2,329.0,9.0,1,1,2012,0,,1,0,1,1,1,,1,0,1,1,1,3002,3,3,,1,,,,,,2024-03-25 08:19:35,1,12,1,1,1011180,2,1989,0,2012,427887,206935,51.76042,-1.597335,Sport Club,Others,Sports Club / Community Association,Public Access
0,2009076,36.6,6,988.0,27.0,1,1,2012,0,,1,1,1,1,1,"Parking: 5 designated disabled parking bays available, Activity Areas: Ramp for wheelchair access to bowling green",1,1,1,1,1,3002,3,3,,1,,,,,,2024-03-01 12:45:04,1,12,1,1,1011181,2,1993,0,2012,395761,268985,52.31897,-2.063606,Sport Club,Others,Sports Club / Community Association,Public Access
0,2009077,36.0,6,972.0,27.0,1,1,2003,2,101,1,1,1,1,1,,1,1,1,1,1,3002,3,5,,1,,,,2018-04-30,,2023-12-21 14:11:33,1,12,1,1,1011182,2,1983,0,2009,649969,301740,52.55606,1.686182,Commercial Management,Commercial,Registered Membership use,Public Access
0,2009078,35.1,2,295.0,8.4,1,1,2000,0,,1,1,1,1,1,,1,1,1,1,1,3002,3,3,,1,,,,,,2023-10-12 15:54:34,1,12,1,1,1011183,2,1960,0,1998,306512,82175,50.63174,-3.323237,Sport Club,Others,Sports Club / Community Association,Public Access
0,2009079,36.0,2,475.0,13.2,1,1,2003,2,999,0,0,0,0,0,,0,0,0,0,0,3002,3,5,,1,,,,2013-03-01,,2015-01-19 00:00:00,1,12,1,1,1011184,3,1948,0,2009,330995,137960,51.13674,-2.987661,Not Known,Not Known,Pay and Play,Public Access
0,2009082,36.0,5,810.0,22.5,1,0,,0,,1,0,1,1,1,,0,1,1,1,1,3002,3,3,,1,,,,,,2023-11-01 14:04:56,1,12,1,1,1011187,2,1975,0,2009,458847,236918,52.02758,-1.14368,Sport Club,Others,Sports Club / Community Association,Public Access
0,2009083,35.1,3,474.0,13.5,1,0,,0,,1,1,1,1,1,,1,1,1,1,1,3002,3,3,,1,,,,,,2024-06-26 08:59:57,1,12,1,1,1011188,2,1990,0,2015,494821,256761,52.20095,-0.6139598,Sport Club,Others,Sports Club / Community Association,Public Access
0,2009084,34.2,2,328.0,9.6,1,1,2015,0,,1,1,1,1,1,,1,1,1,1,1,3002,3,3,,1,,,,,,2024-02-05 08:20:17,1,12,1,1,1011189,2,1986,0,1996,329077,136609,51.12435,-3.014816,Sport Club,Others,Sports Club / Community Association,Public Access
0,2009085,36.6,6,1054.0,28.8,1,1,2011,0,,1,1,1,1,1,"Parking: 6 designated disabled parking bays available, Activity Areas: Ramp",1,1,1,1,1,3002,3,3,,1,,,,,,2024-01-26 09:54:12,1,12,1,1,1011190,2,1983,0,2011,531101,344443,52.98133,-0.04872281,Commercial Management,Commercial,Sports Club / Community Association,Public Access
0,2009086,36.0,9,1555.0,43.2,1,1,2005,0,101,1,1,1,1,1,Parking: 2 designated disabled parking bays available,1,1,1,1,1,3002,3,5,Closed in the afternoon during summer. ,1,,,,2023-03-03,,2024-04-11 15:58:44,1,12,1,1,1011191,2,1995,0,2005,411657,92524,50.73221,-1.836185,Commercial Management,Commercial,Sports Club / Community Association,Public Access
0,2009088,32.4,4,661.0,20.4,1,1,1989,2,999,0,0,0,0,0,,0,0,0,0,0,3002,3,5,,1,,,,2009-08-01,,2009-10-07 00:00:00,1,12,1,1,1011193,3,1985,0,2006,367384,426135,53.7306,-2.495854,Not Known,Not Known,Pay and Play,Public Access
0,2009089,37.5,7,1103.0,29.4,1,1,2006,0,,1,1,1,1,1,,1,1,1,1,1,3002,3,3,,1,,,,,,2024-03-27 09:45:24,1,12,1,1,1011194,2,1985,0,2012,334109,436859,53.82382,-3.00245,Commercial Management,Commercial,Sports Club / Community Association,Public Access
0,2009090,36.4,4,783.0,21.5,1,0,,0,,1,1,1,1,1,"Reception Area: Stair lift, Social Areas: Stair lift, Spectator Areas: Stair lift",1,1,1,1,1,3002,3,3,,1,,,,,,2024-06-20 09:58:59,1,12,1,1,1011195,2,1972,0,2017,207478,66417,50.46589,-4.71415,Sport Club,Others,Sports Club / Community Association,Public Access
0,2009091,36.0,8,1296.0,36.0,1,0,,0,,1,0,1,1,1,,1,1,1,0,1,3002,3,3,,1,,,,,,2024-03-06 12:37:05,1,12,1,1,1011196,2,1989,0,2000,443397,117103,50.95173,-1.38356,Sport Club,Others,Sports Club / Community Association,Public Access
0,2009092,36.0,6,972.0,27.0,1,1,2001,0,,1,1,1,1,1,"Finding/Reaching Entrance: Signposted, Emergency Exits: Signposted.",0,1,1,1,1,3002,3,3,,1,,,,,,2023-11-21 12:18:43,1,12,1,1,1011197,2,1970,0,2016,544641,184859,51.5441,0.08447575,Sport Club,Others,Pay and Play,Public Access
0,2009093,36.0,6,1037.0,28.8,1,0,,0,,1,1,1,1,1,,1,1,1,1,1,3002,3,3,,1,,,,,,2024-03-25 08:21:59,1,12,1,1,1011199,2,1983,0,2012,492587,99453,50.78725,-0.6878842,Commercial Management,Commercial,Sports Club / Community Association,Public Access
0,2009094,36.0,6,972.0,27.0,1,0,,0,,0,1,1,1,1,"Parking: 2 Designated bays, Finding/Reaching Entrance: Ramp, Doorways: Wide for wheelchairs",1,0,1,1,1,3002,3,3,,1,,,,,,2024-03-06 09:36:48,1,12,1,1,1011200,2,1968,0,2019,441129,113494,50.91944,-1.416253,Sport Club,Others,Sports Club / Community Association,Public Access
0,2009095,36.0,6,950.0,26.4,1,0,,0,,1,0,1,1,1,,1,1,1,1,1,3002,3,3,,1,,,,,,2023-05-30 10:07:27,1,12,1,1,1011201,2,1976,0,2011,435574,255390,52.19562,-1.480956,Sport Club,Others,Sports Club / Community Association,Public Access
0,2009096,31.5,2,277.0,8.8,0,0,,2,999,0,0,0,0,0,,0,0,0,0,0,3002,3,5,,1,,,,2011-10-01,,2012-12-11 00:00:00,1,12,1,1,1011202,3,1975,0,1996,555190,366972,53.17726,0.3206466,Not Known,Not Known,Pay and Play,Public Access
0,2009097,36.0,8,1325.0,36.8,1,1,2013,0,,1,1,1,1,1,Defibrillator on site. Bowling wheelchairs available. ,1,1,1,1,1,3002,3,3,"1st May - 30th September - Summer Opening Times: Monday - Friday 09:00 - 14:00
Winter Opening Times: Everyday 09:00 until 22:00 ",1,,,,,,2023-12-05 08:55:35,1,12,1,1,1011203,2,1990,0,2010,524937,105359,50.83428,-0.2271475,Commercial Management,Commercial,Sports Club / Community Association,Public Access
0,2025727,39.0,8,1404.0,36.0,1,0,,0,,1,1,1,1,1,,1,1,1,1,1,3002,3,3,,1,,,,,,2024-03-08 15:10:09,1,12,1,1,1013903,2,2004,0,2017,418698,566386,54.99172,-1.709307,Sport Club,Others,Sports Club / Community Association,Public Access
0,2026187,34.0,4,612.0,18.0,1,1,2017,0,,1,1,1,1,1,,1,1,0,0,1,3002,3,3,,1,2013-10-01,,,,,2023-12-11 08:04:00,1,12,1,1,1004768,2,1973,0,2013,426164,398281,53.48062,-1.607223,Trust,Trust,Pay and Play,Public Access
0,2026393,40.0,4,720.0,18.0,0,0,,0,,1,0,1,1,1,2 bowling wheelchairs available for pre-booking.  ,1,1,1,1,1,3002,3,3,,1,,,,,,2023-11-14 10:47:23,1,12,1,1,1013966,2,1984,0,2012,509399,428208,53.73881,-0.3428794,Trust,Trust,Sports Club / Community Association,Public Access
0,2026507,36.0,2,324.0,9.0,0,0,,0,,1,1,1,1,1,,1,1,0,0,1,3002,3,3,,1,,,Greenwich Leisure Limited,,,2023-12-21 14:31:12,1,12,1,1,1002210,2,1936,0,2012,529084,194618,51.63557,-0.136143,Trust,Trust,Sports Club / Community Association,Public Access
0,2026891,36.0,2,648.0,18.0,1,1,2015,2,999,0,0,0,0,0,,0,0,0,0,0,3002,3,5,,1,,,,2014-11-01,,2023-10-12 16:35:16,1,12,1,1,1004812,3,1996,0,2007,346951,176705,51.48679,-2.765411,Trust,Trust,Pay and Play,Public Access
0,2026919,37.1,2,323.0,8.7,1,1,2011,2,999,0,0,0,0,0,,0,0,0,0,0,3002,3,5,,1,,,,2014-01-01,,2023-07-02 11:01:10,1,12,1,1,1005155,3,1966,0,2011,446062,523770,54.60702,-1.288426,Not Known,Not Known,Pay and Play,Public Access
0,2027208,36.6,6,1049.0,28.65,1,0,,0,,1,1,1,1,1,Defibrillator,1,1,1,1,1,3002,3,3,,1,,,,,,2023-09-28 09:53:34,1,12,1,1,1014155,2,2004,0,2008,600319,142078,51.14291,0.8624092,Commercial Management,Commercial,Sports Club / Community Association,Public Access
0,2027291,35.9,8,1292.0,36.0,1,1,2006,0,,1,1,1,1,1,,1,1,1,1,1,3002,3,3,,1,,,,,,2024-01-11 12:35:30,1,12,1,1,1014163,2,1992,0,2015,550986,169154,51.40133,0.169196,Sport Club,Others,Sports Club / Community Association,Public Access
0,2027300,36.0,1,198.0,5.5,1,0,,0,999,0,0,0,0,0,,0,0,0,0,0,3002,3,5,,1,,,,2014-02-01,,2023-08-09 09:41:40,0,12,1,1,1013861,3,2003,0,,265554,120340,50.96674,-3.916058,Not Known,Not Known,Pay and Play,Public Access
0,2027590,36.5,6,1022.0,28.0,1,0,,0,,1,1,1,1,1,,1,1,1,1,1,3002,3,3,,1,,,Everyone Active,,,2024-05-29 11:20:26,0,12,1,1,1014289,2,2008,0,,449085,358994,53.12588,-1.267926,Commercial Management,Commercial,Pay and Play,Public Access
0,2027927,15.0,2,45.0,3.0,1,0,,2,,1,1,1,1,1,,1,1,1,0,1,3002,3,3,,1,,,,,,2023-09-12 12:58:32,0,12,1,1,1014503,2,2007,0,,487206,240500,52.05605,-0.7295254,Trust,Trust,Registered Membership use,Public Access
0,2027989,36.5,6,1041.0,28.52,1,0,,0,,1,1,1,1,1,,1,1,1,1,1,3002,3,3,,1,,,,,,2024-02-01 15:57:14,0,12,1,1,1014554,2,2007,0,,351531,314666,52.72747,-2.719136,Trust,Trust,Pay and Play,Public Access
0,2029178,37.8,4,726.0,19.2,1,1,2011,0,,1,1,1,1,1,,1,1,1,0,1,3002,3,3,,1,,,,,,2023-06-08 13:03:47,1,12,1,1,1013895,2,1987,0,2005,465717,87695,50.6852,-1.071106,Commercial Management,Commercial,Sports Club / Community Association,Public Access
0,2029239,37.8,4,764.0,20.2,1,1,2003,0,,1,1,1,1,1,,1,1,1,1,1,3002,3,3,,1,,,,,,2023-10-12 12:35:41,1,12,1,1,1101835,2,1973,0,2007,592378,328991,52.82413,0.8538107,Commercial Management,Commercial,Pay and Play,Public Access
0,2029430,23.0,2,173.0,7.5,0,0,,0,,1,0,1,1,1,,0,1,0,0,0,3002,3,3,,1,,,,,,2024-03-04 16:43:37,1,12,1,1,1014720,2,1968,0,2011,636164,298785,52.53571,1.48085,Sport Club,Others,Registered Membership use,Public Access
0,2038397,35.0,4,630.0,18.0,1,0,,0,,1,1,1,1,1,,1,1,1,1,1,3002,3,3,,1,,,,,,2023-10-10 15:59:53,0,12,1,1,1005299,2,2007,0,,599360,312835,52.67655,0.9474868,Commercial Management,Commercial,Pay and Play,Public Access
0,2038404,35.0,1,280.0,8.0,1,0,,2,101,1,1,1,1,1,Parking: 12 parking bays,1,1,1,1,1,3002,3,5,,1,,,,2019-09-01,,2023-07-28 08:15:58,0,12,1,1,1003203,2,2003,0,,521102,161219,51.33717,-0.2628768,Trust,Trust,Sports Club / Community Association,Public Access
0,2038438,36.0,6,1037.0,28.8,1,0,,0,,1,1,1,1,1,,1,1,1,1,1,3002,3,3,,1,,,,,,2023-10-04 10:39:45,1,12,1,1,1018743,2,2006,0,2008,383429,204625,51.74009,-2.241385,Sport Club,Others,Sports Club / Community Association,Public Access
0,2038478,31.0,2,326.0,10.5,1,1,2009,0,101,1,1,1,1,1,lIFT,1,1,1,1,1,3002,3,5,,1,,,,2021-06-01,,2023-08-31 11:18:59,1,12,1,1,1002595,2,1981,0,2005,381408,397219,53.47139,-2.281555,Trust,Trust,Pay and Play,Public Access
0,2039421,36.5,2,365.0,10.0,1,0,,0,,1,1,1,1,1,,1,1,1,1,1,3002,3,3,,1,,,,,,2023-08-11 12:10:59,0,12,1,1,1005343,2,1991,0,,397781,310713,52.69411,-2.034257,Trust,Trust,Pay and Play,Public Access
0,2039530,34.0,2,272.0,8.0,1,0,,0,,1,1,1,1,1,,1,1,1,1,1,3002,3,3,,1,,,,,,2023-12-14 10:37:07,0,12,1,1,1019014,2,2006,0,,365097,156893,51.31007,-2.502128,Sport Club,Others,Sports Club / Community Association,Public Access
0,30028613,40.0,6,1240.0,31.0,1,0,,0,,1,0,1,1,1,2 parking bays.,1,0,1,0,1,3002,3,3,Outdoor Bowls.,1,,,,,2022-11-08 10:52:29,2023-12-13 16:29:11,0,12,1,1,1042887,1,1970,0,,358927,176422,51.48525,-2.592909,Local Authority (in house),Local Authority,Pay and Play,Public Access
0,2039624,36.0,4,662.0,18.4,1,0,,0,,1,1,1,1,1,,1,1,1,0,1,3002,3,3,,1,,,Fusion Lifestyle,,,2024-05-16 07:23:41,0,12,1,1,1003761,2,2006,0,,579979,192467,51.60229,0.5974595,Trust,Trust,Pay and Play,Public Access
0,2039693,36.0,4,648.0,18.0,1,0,,0,,1,1,1,1,1,,1,1,1,1,1,3002,3,3,,1,,,,,,2023-10-09 14:10:58,2,12,1,1,1019074,2,2005,0,,347800,93748,50.74097,-2.741143,Sport Club,Others,Sports Club / Community Association,Public Access
0,2071114,0.0,2,0.0,0.0,1,1,2016,2,101,1,1,1,1,1,,1,1,1,1,1,3002,3,5,,0,,,Fusion Lifestyle,2017-02-13,,2023-10-18 08:33:46,1,12,1,1,1005864,2,1974,0,2016,378408,149133,51.24096,-2.310687,Trust,Trust,Pay and Play,Public Access
0,2071280,36.5,6,1095.0,30.0,1,0,,0,,1,1,1,1,1,"Hoist, Finding/Reaching Entrance: Ramps.",1,1,1,1,1,3002,3,3,,1,,,,,,2023-11-10 14:18:39,0,12,1,1,1005296,2,2006,0,,587083,283849,52.42064,0.7497956,Commercial Management,Commercial,Pay and Play,Public Access
0,2071419,30.0,4,750.0,25.0,1,0,,0,,1,1,1,1,1,Parking: 5 Bays,1,1,1,1,1,3002,3,3,,1,2022-02-08,,Active Northumberland,,,2024-03-07 12:57:19,0,12,1,1,30010062,2,2022,0,,399461,651540,55.75722,-2.010166,Trust,Trust,Pay and Play,Public Access
0,2071856,33.0,3,495.0,15.0,1,0,,2,999,1,1,1,1,1,,1,1,1,1,1,3002,3,5,,1,,,,2016-05-20,,2016-06-16 09:39:46,1,12,1,1,1004446,2,1974,0,2003,418028,425592,53.72644,-1.728246,Trust,Trust,Pay and Play,Public Access
0,2077083,36.0,4,648.0,18.0,1,1,2005,0,,1,1,1,1,1,,1,0,1,1,1,3002,3,3,,1,,,,,,2023-08-17 09:44:14,1,12,1,1,1003415,2,1990,0,2005,290818,64109,50.46661,-3.539757,Commercial Management,Commercial,Private Use,Private
0,2077101,36.5,8,164.0,4.5,0,0,,0,,1,0,1,1,1,,0,1,1,0,1,3002,3,3,,1,,,,,,2023-07-24 11:06:18,0,12,1,1,1037084,2,2000,0,,255993,94280,50.73023,-4.041875,Commercial Management,Commercial,Private Use,Private
0,2077105,36.5,3,493.0,13.5,0,0,,0,,1,1,1,1,1,,1,1,1,0,1,3002,3,3,,1,,,,,,2023-08-10 10:56:41,0,12,1,1,1100159,2,2000,0,,253969,94758,50.73402,-4.070712,Commercial Management,Commercial,Registered Membership use,Public Access
0,2077954,10.0,2,100.0,10.0,1,0,,2,999,0,0,0,0,0,,0,0,0,0,0,3002,3,5,,1,,,,2011-01-01,,2023-04-18 12:42:11,0,12,1,1,1014743,2,2000,0,,445767,381125,53.32509,-1.31434,Not Known,Not Known,Pay and Play,Public Access
0,2078007,36.5,6,1007.0,27.6,1,0,,0,,1,1,1,1,1,,1,1,1,1,1,3002,3,3,,1,,,,,,2024-03-06 15:21:03,0,12,1,1,1005201,2,2005,0,,351710,529701,54.66008,-2.750081,Trust,Trust,Pay and Play,Public Access
0,2079294,31.0,3,539.0,17.4,1,1,2008,0,,1,1,1,1,1,,1,1,1,1,1,3002,3,3,,1,,,Everyone Active,,,2024-02-06 15:16:39,1,12,1,1,1005168,2,1963,0,1999,454051,519691,54.56957,-1.165507,Commercial Management,Commercial,Pay and Play,Public Access
0,2080180,35.0,2,315.0,9.0,1,0,,0,,1,1,1,1,1,,1,1,1,1,1,3002,3,3,,1,,,,,,2023-06-09 09:28:56,0,12,1,1,1037954,2,2004,0,,342585,147544,51.22419,-2.82357,Sport Club,Others,Sports Club / Community Association,Public Access
0,2083498,36.7,4,675.0,18.4,1,0,,0,,1,1,1,1,1,Parking: 4 Bays.,1,0,1,1,1,3002,3,3,,1,,,,,,2024-05-31 13:33:53,0,12,1,1,6019967,2,1997,0,,448682,95466,50.75674,-1.311199,Sport Club,Others,Sports Club / Community Association,Public Access
0,2220305,36.5,2,336.0,9.2,1,0,,0,,1,1,1,1,1,,1,1,1,1,1,3002,3,3,,1,,,Everyone Active,,,2023-11-21 10:33:13,0,12,1,1,1206727,2,2005,0,,526753,134654,51.09719,-0.1911752,Commercial Management,Commercial,Pay and Play,Public Access
0,2225422,25.0,2,225.0,9.0,1,0,,0,,1,1,1,1,1,,0,1,1,1,1,3002,3,3,,1,,,,,,2024-05-10 09:51:24,1,12,1,1,1208686,2,1940,0,2002,486734,299817,52.58927,-0.7211325,Sport Club,Others,Sports Club / Community Association,Public Access
0,4008770,36.0,3,486.0,13.5,1,0,,2,999,0,0,0,0,0,,0,0,0,0,0,3002,3,5,,1,,,,2006-04-01,,2023-08-01 09:45:12,2,12,1,1,1003536,3,1987,0,,549294,99509,50.77595,0.1161307,Not Known,Not Known,Pay and Play,Public Access
0,4008773,36.0,7,1134.0,31.5,1,2,,2,999,0,0,0,0,0,,0,0,0,0,0,3002,3,5,,1,,,,2004-11-01,,2024-01-17 15:13:06,2,12,1,1,1003823,3,1993,0,,506754,206555,51.74755,-0.4550241,Not Known,Not Known,Pay and Play,Public Access
0,4008808,0.0,1,0.0,0.0,1,2,,2,999,0,0,0,0,0,,0,0,0,0,0,3002,3,5,,0,,,,2005-08-01,,2016-02-18 11:31:45,2,12,1,1,1005230,3,1976,0,,300012,526826,54.62664,-3.550266,Not Known,Not Known,Pay and Play,Public Access
0,4008853,34.0,4,680.0,20.0,1,0,,2,999,0,0,0,0,0,,0,0,0,0,0,3002,3,5,,1,,,,2006-05-01,,2006-03-16 00:00:00,0,12,1,1,1010952,3,1969,0,,384895,205187,51.74519,-2.220175,Not Known,Not Known,Sports Club / Community Association,Public Access
0,4008902,36.0,8,1404.0,39.0,1,2,,2,999,0,0,0,0,0,,0,0,0,0,0,3002,3,5,,1,,,,2006-03-01,,2022-12-01 13:24:04,0,12,1,1,1002925,1,1989,0,,523342,211738,51.79071,-0.2130262,Not Known,Not Known,Pay and Play,Public Access
0,4008904,40.0,2,464.0,11.6,1,2,,2,999,0,0,0,0,0,,0,0,0,0,0,3002,3,5,,1,,,,2005-09-01,,2005-11-16 00:00:00,1,12,1,1,1005688,3,1973,0,2002,527830,136474,51.11331,-0.1751501,Not Known,Not Known,Pay and Play,Public Access
0,4008908,36.0,7,1134.0,31.5,1,0,,2,999,0,0,0,0,0,,0,0,0,0,0,3002,3,5,,1,,,,2006-12-01,,2007-09-07 00:00:00,1,12,1,1,1011007,3,1989,0,2005,349344,230386,51.96964,-2.738778,Not Known,Not Known,Pay and Play,Public Access
0,4008918,36.0,4,648.0,18.0,1,2,,2,999,0,0,0,0,0,,0,0,0,0,0,3002,3,5,,1,,,,2004-09-01,,2005-01-31 00:00:00,2,12,1,1,1011017,3,1983,0,,156532,37447,50.18688,-5.412108,Not Known,Not Known,Pay and Play,Public Access
0,4008940,37.0,8,1332.0,36.0,1,1,2006,2,999,0,0,0,0,0,,0,0,0,0,0,3002,3,5,,1,,,,2007-06-22,,2008-06-26 00:00:00,1,12,1,1,1011040,3,1990,0,2006,287145,72514,50.54146,-3.594037,Not Known,Not Known,Pay and Play,Public Access
0,4008957,36.0,6,972.0,27.0,1,2,,2,999,0,0,0,0,0,,0,0,0,0,0,3002,3,5,,1,,,,2006-06-25,,2006-07-11 00:00:00,1,12,1,1,1011059,3,1997,0,2004,539162,136948,51.11493,-0.01318421,Not Known,Not Known,Pay and Play,Public Access
0,4008983,35.7,6,964.0,27.0,1,0,,2,999,0,0,0,0,0,,0,0,0,0,0,3002,3,5,,1,,,,2007-09-30,,2024-02-05 16:46:16,1,12,1,1,1011085,3,1981,0,2003,247061,57456,50.39702,-4.153198,Not Known,Not Known,Registered Membership use,Public Access
0,4008986,36.0,8,1296.0,36.0,1,2,,2,999,0,0,0,0,0,,0,0,0,0,0,3002,3,5,,1,,,,2004-10-01,,2005-05-05 00:00:00,2,12,1,1,1011088,3,1987,0,,385223,257462,52.21519,-2.217683,Not Known,Not Known,Pay and Play,Public Access
0,4008994,36.0,5,1314.0,36.5,0,0,,2,999,0,0,0,0,0,,0,0,0,0,0,3002,3,5,,1,,,,2007-12-01,,2008-10-07 00:00:00,1,12,1,1,1011098,3,1990,0,2003,359526,416728,53.64551,-2.613721,Not Known,Not Known,Pay and Play,Public Access
0,4008999,36.5,6,986.0,27.0,1,2,,2,999,0,0,0,0,0,,0,0,0,0,0,3002,3,5,,1,,,,2005-04-01,,2004-12-02 00:00:00,0,12,1,1,1011103,2,1994,0,,549993,179287,51.49264,0.1592252,Not Known,Not Known,Pay and Play,Public Access
0,4009080,34.2,2,308.0,9.0,1,0,,2,999,0,0,0,0,0,,0,0,0,0,0,3002,3,5,,1,,,,2005-10-01,,2006-05-25 00:00:00,0,12,1,1,1011185,3,1983,0,,346512,93549,50.73907,-2.759362,Not Known,Not Known,Registered Membership use,Public Access
0,4009087,34.2,4,616.0,18.0,1,2,,2,999,0,0,0,0,0,,0,0,0,0,0,3002,3,5,,1,,,,2005-03-01,,2005-02-22 00:00:00,2,12,1,1,1011192,3,1994,0,,599104,312914,52.67735,0.9437493,Not Known,Not Known,Sports Club / Community Association,Public Access
0,4079087,36.5,7,1165.0,31.92,1,0,,0,,1,1,1,1,1,,1,1,1,1,1,3002,3,3,,1,,,,,,2023-10-02 10:48:51,0,12,1,1,1037548,2,2010,0,,487512,233878,51.99647,-0.7267494,Trust,Trust,Pay and Play,Public Access
0,4084699,37.72,8,1377.0,36.5,1,0,,0,,1,1,1,1,1,,1,1,1,1,1,3002,3,3,,1,,,Plymouth Active Leisure Ltd,,,2023-10-03 12:22:32,0,12,1,1,1038141,2,2012,0,,247039,56325,50.38685,-4.153051,Commercial Management,Commercial,Registered Membership use,Public Access
0,4104482,36.5,3,518.0,14.2,1,1,2015,0,,1,1,1,1,1,,1,1,1,0,1,3002,3,3,,1,,,,,,2023-07-28 11:20:07,1,12,1,1,1011089,2,1959,0,2015,520242,299108,52.57652,-0.2270043,Sport Club,Others,Sports Club / Community Association,Public Access
0,4111966,35.0,1,175.0,5.0,1,0,,0,,1,1,1,1,1,,1,1,1,1,1,3002,3,3,,1,,,,,,2024-04-22 11:57:35,0,12,1,1,20000054,2,1993,0,,640166,310822,52.64196,1.548459,Community Organisation,Others,Sports Club / Community Association,Public Access
0,4113392,36.5,3,548.0,15.0,0,0,,0,201,1,0,1,1,1,,0,1,0,0,1,3002,3,5,,1,,,,2023-09-01,,2023-10-03 12:48:30,0,12,1,1,1044747,2,2009,0,,399156,393803,53.44102,-2.014157,Trust,Trust,Pay and Play,Public Access
0,4117647,15.0,1,150.0,10.0,1,0,,2,999,1,1,1,1,1,,1,1,1,0,1,3002,3,5,,1,,,,2016-03-15,,2020-11-27 17:19:13,0,12,1,1,1036353,2,2013,0,,452291,528583,54.64966,-1.191144,Commercial Management,Commercial,Registered Membership use,Public Access
0,4126829,37.0,8,1369.0,37.0,1,0,,0,,1,1,1,1,1,,1,1,1,1,1,3002,3,3,,1,,,,,,2023-12-07 14:07:53,0,12,1,1,1103890,2,2011,0,,416217,418797,53.66542,-1.756048,Trust,Trust,Pay and Play,Public Access
0,4147582,36.0,6,1008.0,28.0,1,0,,0,,1,1,1,1,1,,0,0,1,0,1,3002,3,3,,1,,,,,,2023-06-27 13:18:39,0,12,1,1,1208297,2,2014,0,,408551,280872,52.42579,-1.875661,Local Authority (in house),Local Authority,Sports Club / Community Association,Public Access
0,30000280,36.5,4,672.0,18.4,1,0,,2,,1,1,1,1,1,,1,1,1,1,1,3002,3,3,,1,,,Oldham Community Leisure,,2015-11-27 14:14:02,2024-05-22 09:55:54,0,12,1,1,30002447,2,2015,0,,392190,404958,53.54122,-2.119319,Trust,Trust,Pay and Play,Public Access
0,30000430,10.0,1,30.0,3.0,1,0,,2,999,1,1,1,1,1,,0,1,1,1,1,3002,3,5,,1,,,,2016-12-02,2015-12-03 12:52:27,2016-12-02 14:32:59,0,12,1,1,30002458,1,2015,0,,445620,119272,50.97106,-1.351638,Sport Club,Others,Sports Club / Community Association,Public Access
0,30000939,36.0,8,1368.0,38.0,1,0,,0,,1,0,1,0,1,,1,1,0,0,1,3002,3,3,,1,,,,,2016-01-11 09:19:54,2024-02-14 10:28:24,1,4,10,2,30002678,2,1990,1,2018,536794,171422,51.4253,-0.03381677,Sport Club,Others,Pay and Play,Public Access
0,30001557,40.0,3,172.0,4.3,0,0,,0,,1,1,1,1,1,,1,0,1,0,1,3002,3,3,,1,,,,,2016-02-23 15:21:50,2023-12-06 12:25:42,0,12,1,1,1036172,2,2000,1,,339435,374281,53.26207,-2.909408,Sport Club,Others,Sports Club / Community Association,Public Access
0,30001841,25.0,1,75.0,3.0,0,0,,0,,1,1,1,1,1,,1,1,1,1,1,3002,3,3,,1,,,,,2016-03-03 16:02:51,2023-10-03 10:48:46,0,12,1,1,1036502,2,2002,0,,430517,170374,51.43155,-1.562399,Commercial Management,Commercial,Private Use,Private
0,30002581,36.6,4,673.0,18.4,1,0,,0,,1,1,1,1,1,,1,1,1,1,1,3002,3,3,,1,2016-01-05,,Places Leisure,,2016-04-08 15:47:28,2023-08-23 09:58:18,0,12,1,1,30002859,2,2015,0,,485846,191317,51.61416,-0.761543,Commercial Management,Commercial,Pay and Play,Public Access
0,30011530,36.0,6,1044.0,29.0,1,0,,0,,1,0,1,1,1,,1,1,1,0,1,3002,3,3,,1,,,,,2017-05-24 15:27:23,2024-04-15 12:32:00,0,12,1,1,30006127,2,1997,0,,448425,130015,51.06743,-1.310265,Sport Club,Others,Sports Club / Community Association,Public Access
0,30011967,36.0,6,972.0,27.0,1,1,2002,0,,1,1,1,1,1,Lift. Defibrillator on site,1,1,1,1,1,3002,3,3,,1,,,,,2017-07-07 14:30:34,2023-07-02 10:26:40,1,12,1,1,1005191,2,1968,0,2002,445966,516149,54.53854,-1.291099,Trust,Trust,Pay and Play,Public Access
0,30012776,35.0,4,700.0,20.0,0,0,,0,,1,0,1,1,1,,1,1,0,1,1,3002,3,4,,1,,,,,2017-09-11 12:56:51,2024-06-06 10:08:10,0,12,1,1,6017239,2,2000,1,,612002,250759,52.11451,1.094931,Community Organisation,Others,Sports Club / Community Association,Public Access
0,30013452,43.0,4,860.0,20.0,1,0,,0,,1,1,1,1,1,,1,1,1,1,1,3002,3,3,,1,,,,,2017-10-23 15:53:49,2023-08-02 09:12:06,0,12,1,1,20001084,2,2000,1,,191169,39424,50.21786,-4.928691,Sport Club,Others,Sports Club / Community Association,Public Access
0,30013506,36.5,6,1007.0,27.6,1,0,,0,101,1,1,1,1,1,,1,1,1,1,1,3002,3,5,,1,2017-01-03,,PARKWOOD LEISURE,2021-07-13,2017-10-31 11:27:36,2023-08-04 15:14:11,1,12,1,1,30005562,2,2016,0,2018,457544,336539,52.92321,-1.145524,Commercial Management,Commercial,Pay and Play,Public Access
0,30014967,17.0,2,102.0,6.0,0,0,,0,,1,0,1,1,1,,1,1,1,1,1,3002,3,3,,1,2016-04-01,,,,2018-03-08 11:55:11,2023-05-24 09:42:33,0,12,1,1,30007350,2,2016,0,,436122,216267,51.84385,-1.477053,Trust,Trust,Free Public Access,Public Access
0,30018453,35.0,3,525.0,15.0,0,0,,0,,1,0,0,0,0,,0,0,0,0,0,3002,3,3,,1,,,,,2019-04-30 10:26:29,2023-09-18 10:34:51,0,12,1,1,1100194,2,2000,1,,385897,90005,50.7095,-2.201094,Commercial Management,Commercial,Registered Membership use,Public Access
0,30018481,42.0,8,1588.0,37.8,1,0,,0,,1,1,1,1,1,,1,1,1,1,1,3002,3,3,,1,,,,,2019-05-03 12:11:08,2023-10-04 16:13:52,0,12,1,1,30008279,2,2019,0,,489478,180519,51.51653,-0.711841,Sport Club,Others,Sports Club / Community Association,Public Access
0,30018525,36.5,2,365.0,10.0,0,0,,0,,1,0,0,0,1,,1,0,0,1,0,3002,3,3,,1,,,,,2019-05-09 10:21:59,2023-08-14 13:29:26,0,12,1,1,6012381,2,1970,1,,407454,246232,52.11438,-1.892549,Local Authority (in house),Local Authority,Sports Club / Community Association,Public Access
0,30019925,35.0,2,350.0,10.0,1,0,,0,,1,0,1,1,1,,0,0,1,0,1,3002,3,3,,1,,,,,2019-10-25 14:47:57,2024-02-08 10:38:57,0,12,1,1,6001886,2,2009,0,,341360,385011,53.35873,-2.882545,Sport Club,Others,Sports Club / Community Association,Public Access
0,30023858,39.3,6,1128.0,28.7,1,1,1995,0,,1,0,1,1,1,,1,1,1,1,1,3002,3,3,,1,,,,,2020-12-21 13:31:17,2023-06-20 12:18:59,1,12,1,1,30009423,2,1978,0,1995,490026,411409,53.59156,-0.6413553,Sport Club,Others,Sports Club / Community Association,Public Access
1,30023860,40.0,6,1200.0,30.0,1,0,,0,,1,1,1,1,1,,1,1,1,1,1,3002,3,3,,1,2000-05-02,,Swale Indoor Bowls Centre,,2020-12-22 11:09:10,2023-07-18 12:51:35,0,12,1,1,20000834,2,2000,0,,590044,164911,51.35149,0.727824,Sport Club,Others,Registered Membership use,Public Access
0,30028291,34.2,3,349.0,10.2,1,0,,0,,1,1,1,1,1,,1,1,1,1,1,3002,3,3,Is outdoors,1,,,,,2022-09-12 10:43:00,2023-11-09 10:10:48,0,12,1,1,1011021,2,2021,0,,366891,76673,50.58883,-2.469064,Sport Club,Others,Sports Club / Community Association,Public Access
0,2008758,34.2,6,923.0,27.0,1,1,2012,0,,1,1,1,1,1,Finding/Reaching Entrance: Ramp,0,1,0,1,1,3002,3,3,,1,,,Freedom Leisure,,,2024-05-31 12:38:58,1,12,1,1,1000902,2,1946,0,1990,528367,104438,50.82525,-0.1787871,Trust,Trust,Sports Club / Community Association,Public Access
0,2008759,36.0,8,1325.0,36.8,1,1,2014,0,,1,1,1,1,1,,1,1,1,1,1,3002,3,3,,1,,,,,,2023-08-22 09:42:30,1,12,1,1,1001130,2,1978,0,2001,627054,329954,52.8193,1.368242,Commercial Management,Commercial,Pay and Play,Public Access
0,2008761,33.3,6,1019.0,30.6,1,1,2008,0,,1,1,1,1,1,,0,1,1,1,1,3002,3,3,,1,,,,,,2024-05-13 15:11:57,1,12,1,1,1002215,2,1992,0,2004,531172,175560,51.46382,-0.1130996,Trust,Trust,Sports Club / Community Association,Public Access
0,2008762,36.0,4,518.0,14.4,1,1,1996,2,101,1,1,1,1,1,Parking: 3 Bays,1,1,0,0,1,3002,3,5,,1,,,,2017-02-21,,2022-01-11 14:06:55,0,12,1,1,1002366,2,1995,0,,545614,178347,51.48534,0.09580509,Trust,Trust,Pay and Play,Public Access
0,2008763,37.0,7,1217.0,32.9,1,1,2014,0,,1,1,1,1,1,,1,1,1,0,1,3002,3,3,,1,,,,,,2024-05-16 13:59:20,0,12,1,1,1002449,2,1983,0,,459067,379510,53.30927,-1.114983,Community Organisation,Others,Pay and Play,Public Access
0,2008764,36.0,6,1037.0,28.8,1,1,2000,0,,1,0,1,1,1,,1,1,1,1,1,3002,3,3,"Bowls hall is managed by bowls club
Building managed by Local Authority",1,,,,,,2024-03-04 15:16:43,1,12,1,1,1002500,2,1987,0,2007,460333,341848,52.97062,-1.103059,Sport Club,Others,Sports Club / Community Association,Public Access
0,2008765,36.0,8,1296.0,36.0,1,0,,2,102,1,1,1,1,1,,1,1,1,0,1,3002,3,5,,1,,,,2016-01-20,,2016-01-20 09:38:43,1,12,1,1,1002501,2,1991,0,2009,457541,336543,52.92325,-1.14556,Commercial Management,Commercial,Pay and Play,Public Access
0,2008766,36.0,7,1134.0,31.5,1,0,,0,,1,1,1,1,1,,1,1,1,1,1,3002,3,3,,1,,,,,,2023-06-21 09:51:04,0,12,1,1,1002505,2,1991,0,,463134,365569,53.1835,-1.056711,Commercial Management,Commercial,Pay and Play,Public Access
0,2008768,30.7,4,553.0,18.0,1,0,,2,103,1,1,1,1,1,,1,1,1,1,1,3002,3,5,,1,,,,2016-03-18,,2016-03-18 08:38:31,1,12,1,1,1002577,2,1985,0,2004,392677,405221,53.5436,-2.111977,Trust,Trust,Pay and Play,Public Access
0,2008769,34.74,4,674.0,19.4,1,1,2011,0,,1,1,1,1,1,"Parking: 13 dedicated spaces, Finding/Reaching Entrance: Ramp, Activity Areas: Lift available to floors, Toilets: 7 disabled toilets",1,1,1,1,1,3002,3,3,,1,,,Fusion Lifestyle,,,2023-12-19 16:33:00,1,12,1,1,1002943,2,1974,0,1996,516291,155850,51.28992,-0.3336595,Trust,Trust,Pay and Play,Public Access
0,2008771,36.0,4,648.0,18.0,1,0,,0,,1,1,1,1,1,"Lift, Finding/Reaching Entrance: Ramp, Doorways: Automatic, Changing Facilities: Wet side & dry, Toilets: Wet side & dry",1,1,1,1,1,3002,3,3,,1,,,Fusion Lifestyle,,,2023-10-31 11:18:28,1,12,1,1,1003569,2,1997,0,2007,273536,43753,50.28014,-3.776312,Trust,Trust,Pay and Play,Public Access
0,2008774,35.1,6,885.0,25.2,1,1,2015,0,,1,1,1,1,1,2 disabled bays but no car park.,0,1,1,1,1,3002,3,3,,1,,,Everyone Active,,,2024-04-30 13:24:27,0,12,1,1,1003837,2,1974,0,,523569,224113,51.90187,-0.2053199,Commercial Management,Commercial,Pay and Play,Public Access
0,2008775,36.6,6,1054.0,28.8,1,0,,0,,1,1,1,1,1,,1,1,1,1,1,3002,3,3,,1,,,,,,2023-12-11 12:39:41,1,12,1,1,1035944,2,1997,0,2015,470768,138214,51.13884,-0.9898233,Sport Club,Others,Sports Club / Community Association,Public Access
0,2008776,34.2,6,862.0,25.2,1,1,2003,1,103,1,1,1,1,1,Parking: 7 Bays,1,1,1,1,1,3002,3,5,,1,,,,2021-02-24,,2021-02-26 13:03:55,1,12,1,1,1003940,2,1973,0,2004,486783,155301,51.29025,-0.756839,Trust,Trust,Pay and Play,Public Access
0,2008777,36.0,6,972.0,27.0,1,1,2007,2,999,0,0,0,0,0,,0,0,0,0,0,3002,3,5,,1,,,,2013-04-01,,2023-05-16 11:36:46,1,12,1,1,1003950,3,1987,0,2007,471769,106965,50.85775,-0.9816879,Not Known,Not Known,Pay and Play,Public Access
0,2008779,36.0,6,907.0,25.2,1,1,2007,0,,1,1,1,1,1,Parking: 12 Bays,1,1,1,1,1,3002,3,3,,1,,,Everyone Active,,,2023-10-27 11:54:56,0,12,1,1,1004035,2,1988,0,,453937,298863,52.58493,-1.205341,Commercial Management,Commercial,Pay and Play,Public Access
0,2008780,37.0,6,1110.0,30.0,1,0,,0,,1,1,1,1,1,,1,1,1,0,1,3002,3,3,,1,,,Everyone Active,,,2024-01-31 09:27:54,0,12,1,1,1004044,2,1999,0,,473742,285968,52.4667,-0.9159377,Commercial Management,Commercial,Pay and Play,Public Access
0,2008781,31.5,3,369.0,11.7,1,0,,0,,1,1,1,1,1,,1,1,1,1,1,3002,3,3,,1,,,,,,2024-05-07 14:59:20,1,12,1,1,1004102,2,1970,0,2001,435397,561864,54.95018,-1.448892,Community Organisation,Others,Sports Club / Community Association,Public Access
0,2008782,36.0,8,1296.0,36.0,1,1,2004,2,999,0,0,0,0,0,,0,0,0,0,0,3002,3,5,,1,,,,2013-05-01,,2013-11-04 00:00:00,1,12,1,1,1004110,3,1978,0,2006,439383,556920,54.90546,-1.387338,Not Known,Not Known,Pay and Play,Public Access
0,2008783,35.1,8,1179.0,33.6,1,1,2006,2,999,0,0,0,0,0,,0,0,0,0,0,3002,3,5,,1,,,,2013-07-01,,2022-01-10 17:03:27,1,12,1,1,1004115,3,1978,0,2006,424716,564410,54.9737,-1.61543,Not Known,Not Known,Pay and Play,Public Access
0,2008784,40.0,3,640.0,16.0,1,0,,2,999,0,0,0,0,0,,0,0,0,0,0,3002,3,5,,1,,,,2015-06-14,,2015-06-16 00:00:00,0,12,1,1,1004128,3,1982,0,,430871,564973,54.97842,-1.519219,Not Known,Not Known,Pay and Play,Public Access
0,2008785,36.0,6,972.0,27.0,1,1,2011,0,,1,1,1,1,1,Parking: 3 Bays,1,1,0,1,1,3002,3,3,,1,,,Everyone Active,,,2024-02-05 13:28:19,1,12,1,1,1004134,2,1990,0,2003,433848,550105,54.84463,-1.474452,Commercial Management,Commercial,Pay and Play,Public Access
0,2008786,31.5,2,265.0,8.4,1,0,,0,,1,1,1,1,1,Parking: 4 parking bays,1,1,1,1,1,3002,3,3,,1,,,,,,2024-02-22 10:59:04,1,12,1,1,1004160,2,1973,0,1995,432890,563593,54.96589,-1.487834,Community Organisation,Others,Pay and Play,Public Access
0,2008787,34.0,6,1020.0,30.0,1,1,2006,2,103,1,1,1,1,1,,0,1,1,1,1,3002,3,5,,1,,,,2020-01-31,,2020-02-06 10:51:41,1,12,1,1,1004233,2,1974,0,2003,433819,279129,52.40914,-1.504259,Trust,Trust,Sports Club / Community Association,Public Access
0,2008788,31.5,5,567.0,18.0,1,1,2006,2,999,0,0,0,0,0,,0,0,0,0,0,3002,3,5,,1,,,,2015-05-18,,2015-06-01 00:00:00,1,12,1,1,1004397,3,1970,0,2003,414763,416980,53.64914,-1.778129,Not Known,Not Known,Pay and Play,Public Access
0,2008789,36.0,4,734.0,20.4,1,1,2002,2,999,0,0,0,0,0,,0,0,0,0,0,3002,3,5,,1,,,,2012-03-18,,2012-03-26 00:00:00,0,12,1,1,1004470,3,1974,0,,247058,56252,50.38621,-4.15276,Not Known,Not Known,Pay and Play,Public Access
0,2008790,36.0,4,648.0,18.0,1,1,2000,0,102,1,1,1,1,1,,1,1,1,1,1,3002,3,5,,1,,,,2022-06-23,,2022-10-05 09:48:37,1,12,1,1,1004472,2,1975,0,2005,255855,132728,51.07572,-4.059021,Commercial Management,Commercial,Pay and Play,Public Access
0,2008791,37.0,6,1110.0,30.0,1,1,2006,2,101,1,1,1,1,1,,1,1,1,0,1,3002,3,5,,1,,,,2018-04-14,,2024-02-19 13:20:12,1,12,1,1,1004513,2,1972,0,2004,577461,173783,51.43525,0.5517488,Local Authority (in house),Local Authority,Registered Membership use,Public Access
0,2008794,34.7,2,382.0,11.0,1,1,2010,2,102,1,1,1,1,1,,1,1,1,1,1,3002,3,5,,1,,,,2017-01-02,,2024-01-26 13:34:17,1,12,1,1,1004787,2,1993,0,2003,375438,164778,51.38151,-2.354316,Trust,Trust,Sports Club / Community Association,Public Access
1,30029263,35.0,2,420.0,12.0,1,0,,0,,1,0,1,1,1,,0,1,0,1,0,3002,3,3,,1,,,,,2023-02-23 16:40:03,2023-12-12 12:45:07,0,12,1,1,1040675,2,1990,1,,504643,199384,51.68348,-0.4877483,Community Organisation,Others,Sports Club / Community Association,Public Access
